Currency_ID,Currency_Name,Currency_Code
1,US Dollar,USD
2,Euro,EUR
3,British Pound,GBP
4,Indian Rupee,INR
5,Japanese Yen,JPY
6,Australian Dollar,AUD
7,Canadian Dollar,CAD
8,Swiss Franc,CHF
9,Chinese Yuan,CNY
10,Hong Kong Dollar,HKD
11,New Zealand Dollar,NZD
12,Singapore Dollar,SGD
13,South Korean Won,KRW
14,Swedish Krona,SEK
15,Norwegian Krone,NOK
16,Danish Krone,DKK
17,Russian Ruble,RUB
18,Brazilian Real,BRL
19,South African Rand,ZAR
20,Mexican Peso,MXN
21,Turkish Lira,TRY
22,Saudi Riyal,SAR
23,UAE Dirham,AED
24,Thai Baht,THB
25,Malaysian Ringgit,MYR
26,Indonesian Rupiah,IDR
27,Philippine Peso,PHP
28,Polish Zloty,PLN
29,Israeli Shekel,ILS
30,Egyptian Pound,EGP
31,Nigerian Naira,NGN
32,Vietnamese Dong,VND
33,Pakistani Rupee,PKR
34,Bangladeshi Taka,BDT
35,Sri Lankan Rupee,LKR
36,Kuwaiti Dinar,KWD
37,Qatari Riyal,QAR
38,Kenyan Shilling,KES
39,Argentine Peso,ARS
40,Chilean Peso,CLP
41,Colombian Peso,COP
42,Czech Koruna,CZK
43,Hungarian Forint,HUF
44,Romanian Leu,RON
45,Ukrainian Hryvnia,UAH
46,Icelandic Krona,ISK
47,Bahraini Dinar,BHD
48,Omani Rial,OMR
49,Jordanian Dinar,JOD
50,Taiwan Dollar,TWD
