Officer_ID,Officer_Name,Country_ID,Designation
1,Klaus Davis,162,Export Inspector
2,Kwame Dubois,176,Customs Officer
3,Anil Wang,181,Tariff Officer
4,Vikram Al-Farsi,168,Inspector
5,Paul Silva,113,Chief Inspector
6,John Garcia,104,Customs Supervisor
7,James Jones,45,Senior Officer
8,William Ferrari,68,Chief Inspector
9,Vikram Garcia,8,Customs Analyst
10,Jacques Lee,55,Assistant Commissioner
11,Mohammed Bernard,110,Deputy Commissioner
12,Divya Zhang,192,Deputy Commissioner
13,Lars Weber,46,Customs Officer
14,James Kumar,120,Inspector
15,Sanjay Kumar,15,Customs Supervisor
16,Takashi Patel,173,Chief Inspector
17,John Rahman,78,Compliance Officer
18,Edward Khan,77,Chief Inspector
19,Jian Nkosi,63,Inspector
20,Hiroshi Santos,114,Assistant Commissioner
21,Layla Khan,71,Inspector
22,Rajesh Zhang,12,Inspector
23,Richard Davis,31,Tariff Officer
24,Divya Brown,44,Tariff Officer
25,Laura Bernard,65,Compliance Officer
26,Dmitri Nguyen,122,Customs Officer
27,Priya Tanaka,177,Import Inspector
28,Robert Brown,192,Senior Inspector
29,Ibrahim Tanaka,173,Compliance Officer
30,Ali Le,195,Senior Inspector
31,Steven Schmidt,85,Assistant Commissioner
32,Neha Rodriguez,101,Compliance Officer
33,Chidi Kim,35,Deputy Commissioner
34,Ivan Smith,174,Customs Officer
35,Elena Van der Berg,163,Export Inspector
36,Khalid Park,48,Customs Analyst
37,Yusuf Al-Farsi,59,Border Control Officer
38,Takashi Rossi,115,Senior Officer
39,Maria Zhang,66,Customs Officer
40,Dmitri Kim,192,Customs Supervisor
41,Steven Hussain,32,Border Control Officer
42,Aisha Islam,125,Senior Officer
43,William Dubois,170,Import Inspector
44,Kevin Johnson,186,Tariff Officer
45,Neha Okafor,32,Customs Superintendent
46,Zainab Davis,99,Inspector
47,Yusuf Islam,40,Compliance Officer
48,Min Yamamoto,145,Senior Officer
49,Anil Van der Berg,1,Deputy Commissioner
50,Wei Martinez,99,Senior Officer
51,Anil Weber,108,Inspector
52,James Li,80,Customs Superintendent
53,Mohammed Petrov,7,Tariff Officer
54,Maria Schmidt,71,Customs Superintendent
55,Jacques Pham,85,Inspector
56,Anil Dubois,54,Deputy Commissioner
57,Hiroshi Nguyen,143,Inspector
58,Lars Williams,48,Compliance Officer
59,Michael Suzuki,152,Customs Supervisor
60,Laura Mensah,168,Inspector
61,Anil Nkosi,193,Senior Inspector
62,Min Dubois,102,Assistant Commissioner
63,Elena Smith,161,Customs Superintendent
64,Takashi Tran,113,Tariff Officer
65,Kavya Yamamoto,8,Customs Analyst
66,Thomas Yamamoto,111,Assistant Commissioner
67,Zainab Johnson,183,Inspector
68,Erik Jones,118,Customs Superintendent
69,Robert Bernard,131,Import Inspector
70,Ali Park,113,Border Control Officer
71,Pierre Ivanov,7,Deputy Commissioner
72,Chidi Islam,71,Import Inspector
73,Yusuf Smith,34,Chief Inspector
74,Anil Santos,7,Senior Inspector
75,Chidi Ferrari,61,Tariff Officer
76,Olga Jones,190,Customs Officer
77,Anna Bernard,38,Tariff Officer
78,Ming Park,135,Assistant Commissioner
79,Hui Van der Berg,169,Assistant Commissioner
80,Neha Al-Farsi,132,Compliance Officer
81,Neha Khan,112,Tariff Officer
82,Thomas Zhang,17,Export Inspector
83,Thomas Park,112,Border Control Officer
84,Takashi Nguyen,47,Border Control Officer
85,Priya Santos,136,Senior Inspector
86,Anna Santos,81,Senior Officer
87,Aisha Hussain,160,Import Inspector
88,Jacques Rossi,112,Inspector
89,Ibrahim Rahman,70,Senior Officer
90,Steven Nkosi,1,Senior Officer
91,Rajesh Brown,148,Border Control Officer
92,Kavya Muller,181,Customs Analyst
93,David Al-Farsi,7,Senior Officer
94,Layla Choudhury,190,Border Control Officer
95,Ahmed Botha,3,Inspector
96,George Tran,62,Border Control Officer
97,Ming Williams,35,Border Control Officer
98,Kevin Park,131,Chief Inspector
99,Dmitri Okafor,45,Inspector
100,Mark Le,98,Border Control Officer
101,John Johnson,136,Tariff Officer
102,Kwame Williams,124,Chief Inspector
103,Anna Patel,122,Export Inspector
104,Priya Silva,103,Chief Inspector
105,Rajesh Williams,193,Import Inspector
106,Wei Ivanov,16,Customs Supervisor
107,John Le,84,Assistant Commissioner
108,Ahmed Rodriguez,56,Senior Inspector
109,Klaus Martinez,167,Chief Inspector
110,Thomas Nkosi,91,Customs Supervisor
111,Jian Chen,142,Border Control Officer
112,Brian Zhang,177,Compliance Officer
113,Natasha Tran,107,Chief Inspector
114,Hans Khan,120,Compliance Officer
115,Jin Davis,30,Export Inspector
116,Jian Bernard,192,Assistant Commissioner
117,Sanjay Al-Farsi,38,Customs Superintendent
118,Isabella Dubois,108,Deputy Commissioner
119,Kavya Okafor,43,Assistant Commissioner
120,Isabella Garcia,93,Customs Officer
121,Michael Costa,160,Customs Officer
122,Yusuf Tran,64,Senior Officer
123,Hassan Tran,136,Border Control Officer
124,Klaus Tran,5,Deputy Commissioner
125,Ibrahim Okonkwo,75,Inspector
126,Fatima Okafor,99,Border Control Officer
127,Olga Hussain,24,Border Control Officer
128,Brian Khan,189,Border Control Officer
129,Wei Costa,5,Tariff Officer
130,Olga Le,83,Customs Officer
131,Richard Tran,186,Customs Officer
132,Steven Choudhury,112,Inspector
133,Thomas Khan,112,Customs Officer
134,Takashi Singh,32,Customs Supervisor
135,Lars Rodriguez,189,Customs Analyst
136,Ibrahim Pham,189,Tariff Officer
137,Olga Bernard,105,Import Inspector
138,Carmen Suzuki,86,Senior Inspector
139,Khalid Rahman,4,Customs Superintendent
140,Neha Chen,167,Deputy Commissioner
141,Suresh Pham,98,Inspector
142,Natasha Le,191,Customs Supervisor
143,Pierre Chen,144,Customs Officer
144,Divya Okafor,105,Compliance Officer
145,Ali Mensah,51,Senior Officer
146,Carmen Al-Farsi,116,Border Control Officer
147,Min Martinez,154,Deputy Commissioner
148,Laura Al-Farsi,147,Senior Inspector
149,Min Brown,2,Import Inspector
150,Jian Islam,90,Customs Officer
151,Paul Wang,23,Customs Officer
152,Ali Brown,122,Customs Analyst
153,Ali Suzuki,143,Customs Supervisor
154,Edward Park,72,Senior Officer
155,Priya Park,149,Senior Inspector
156,Omar Park,19,Senior Officer
157,Layla Martinez,23,Inspector
158,Min Williams,100,Import Inspector
159,Omar Lee,21,Border Control Officer
160,Anna Rossi,71,Export Inspector
161,Rajesh Muller,30,Assistant Commissioner
162,Brian Van der Berg,104,Import Inspector
163,Maria Costa,41,Senior Inspector
164,Neha Santos,96,Border Control Officer
165,Vikram Sharma,44,Import Inspector
166,Laura Li,182,Export Inspector
167,Fatima Kumar,7,Inspector
168,Hans Garcia,11,Customs Analyst
169,Takashi Martinez,108,Customs Analyst
170,Ahmed Williams,169,Compliance Officer
171,Vikram Choudhury,110,Export Inspector
172,Mohammed Li,101,Customs Supervisor
173,Olga Pham,195,Compliance Officer
174,Hassan Wang,108,Tariff Officer
175,Hassan Silva,26,Export Inspector
176,Layla Al-Sayed,189,Senior Officer
177,Divya Okonkwo,21,Border Control Officer
178,Sofia Patel,178,Customs Superintendent
179,Steven Ferrari,147,Senior Inspector
180,Sofia Johnson,173,Import Inspector
181,Carmen Park,128,Deputy Commissioner
182,Ngozi Rossi,7,Assistant Commissioner
183,Pierre Petrov,47,Customs Analyst
184,Omar Rossi,61,Customs Officer
185,Elena Lee,182,Import Inspector
186,Robert Al-Sayed,103,Tariff Officer
187,Ming Yamamoto,158,Customs Superintendent
188,Divya Nkosi,29,Senior Officer
189,Isabella Miller,31,Chief Inspector
190,Hans Rossi,164,Senior Officer
191,Daniel Al-Sayed,29,Export Inspector
192,Daniel Davis,110,Customs Officer
193,Lars Chen,37,Import Inspector
194,Yusuf Brown,145,Border Control Officer
195,Laura Tanaka,8,Inspector
196,Lars Petrov,170,Customs Superintendent
197,Paul Kim,23,Customs Analyst
198,Yusuf Mensah,167,Senior Inspector
199,Natasha Mensah,26,Border Control Officer
200,Min Miller,28,Senior Inspector
