Exporter_ID,Company_Name,Country_ID,License_No,Email,Phone
1,Pioneer Seafood International LLC,51,QM-326507-01,contact@pioneerseafood1.com,+92-782-883-005
2,Sun Seafood Exports AG,169,UG-343998-02,contact@sunseafood2.com,+66-066-970-587
3,Horizon Machinery Trading Co Ltd,192,AT-192761-03,contact@horizonmachinery3.com,+33-072-856-722
4,Silver Electronics Exports Inc,186,BF-806524-04,contact@silverelectronics4.com,+92-911-878-635
5,Superior Building Materials Trading Ltd,45,JL-504517-05,contact@superiorbuilding5.com,+966-764-012-707
6,Meridian Building Materials Overseas Ltd,21,FP-683518-06,contact@meridianbuilding6.com,+31-122-555-943
7,Sun Pharma Exports Inc,32,UJ-816546-07,contact@sunpharma7.com,+44-836-290-578
8,Royal Rubber Products Exports Ltd,118,EB-944399-08,contact@royalrubber8.com,+52-704-044-063
9,Sun Spices Trading Ltd,53,QD-258543-09,contact@sunspices9.com,+60-704-287-035
10,Meridian Furniture International Ltd,49,MX-600012-10,contact@meridianfurniture10.com,+971-289-420-620
11,Continental Paper Products Exports Ltd,81,WP-369690-11,contact@continentalpaper11.com,+39-622-216-120
12,Diamond Garments Exports LLC,184,BD-395006-12,contact@diamondgarments12.com,+91-485-673-922
13,Trans Spices Overseas SARL,60,TP-629404-13,contact@transspices13.com,+94-006-716-923
14,Meridian Footwear Trading PT,77,TG-263759-14,contact@meridianfootwear14.com,+971-488-791-890
15,Alliance Consumer Goods Trading LLC,151,ZI-833423-15,contact@allianceconsumer15.com,+31-883-195-351
16,Superior Rubber Products Export Ltd,98,WQ-756982-16,contact@superiorrubber16.com,+880-789-077-886
17,Royal Agro Foods Export Ltd,126,BL-359057-17,contact@royalagro17.com,+65-966-736-657
18,Vertex Jewelry Export Ltd,72,AE-491147-18,contact@vertexjewelry18.com,+66-937-994-377
19,Meridian Handicrafts International BV,122,VZ-106695-19,contact@meridianhandicraft19.com,+86-534-621-821
20,Meridian Handicrafts International Pte Ltd,156,TM-213475-20,contact@meridianhandicraft20.com,+86-635-593-410
21,Prime Petrochemicals Exports Ltd,100,XN-349964-21,contact@primepetrochemical21.com,+31-462-676-679
22,Summit Plastics Exports Inc,186,RQ-203765-22,contact@summitplastics22.com,+81-305-501-890
23,Golden Consumer Goods International Ltd,124,GA-670849-23,contact@goldenconsumer23.com,+91-143-750-522
24,Eastern Seafood Export SL,164,IK-678707-24,contact@easternseafood24.com,+82-399-709-116
25,Ocean Automotive Parts Export Ltd,185,MN-661569-25,contact@oceanautomotive25.com,+31-775-242-544
26,Global Jewelry Export Ltd,183,RE-202920-26,contact@globaljewelry26.com,+39-354-502-097
27,Diamond Rubber Products International SRL,82,EC-476008-27,contact@diamondrubber27.com,+90-463-386-153
28,United Petrochemicals Trading Ltd,65,PQ-773797-28,contact@unitedpetrochemica28.com,+86-057-727-040
29,Crown Rubber Products Overseas Ltd,67,NX-425510-29,contact@crownrubber29.com,+55-375-052-949
30,Elite Electrical Equipment Exports Pty Ltd,9,EZ-624817-30,contact@eliteelectrical30.com,+84-633-884-751
31,Meridian Spices Exports Pvt Ltd,76,JR-479814-31,contact@meridianspices31.com,+48-206-903-138
32,Atlas Furniture Overseas Pte Ltd,156,HE-794368-32,contact@atlasfurniture32.com,+52-977-334-266
33,Silver Minerals Trading Ltd,69,BW-315809-33,contact@silverminerals33.com,+44-597-423-262
34,Global Electronics Overseas BV,122,HV-580105-34,contact@globalelectronics34.com,+81-738-700-527
35,National Garments International Sdn Bhd,103,OL-853513-35,contact@nationalgarments35.com,+66-141-547-139
36,Alliance Agro Foods Trading Sdn Bhd,103,GD-888224-36,contact@allianceagro36.com,+880-419-438-327
37,United Automotive Parts Trading Ltd,149,XN-109616-37,contact@unitedautomotive37.com,+81-240-460-198
38,Royal Cosmetics Overseas Pty Ltd,9,SM-663637-38,contact@royalcosmetics38.com,+90-560-525-677
39,Royal Paper Products International Ltd,154,UA-774429-39,contact@royalpaper39.com,+84-739-915-722
40,Continental Plastics Trading Ltd,7,HZ-578967-40,contact@continentalplastic40.com,+86-320-922-381
41,Horizon Building Materials Export LLC,51,QD-229964-41,contact@horizonbuilding41.com,+81-380-133-991
42,Superior Automotive Parts Overseas Pvt Ltd,76,UY-832399-42,contact@superiorautomotive42.com,+39-064-556-097
43,Crown Spices Overseas Pvt Ltd,14,MA-771681-43,contact@crownspices43.com,+49-474-824-557
44,Elite Plastics Trading Ltd,185,BH-194834-44,contact@eliteplastics44.com,+234-522-446-147
45,National Electronics International Ltd,74,NC-596619-45,contact@nationalelectronic45.com,+81-853-074-956
46,Vertex Electrical Equipment Export SARL,60,LF-133268-46,contact@vertexelectrical46.com,+81-325-037-358
47,Prime Automotive Parts Overseas Ltd,118,XE-486587-47,contact@primeautomotive47.com,+234-255-241-034
48,Elite Building Materials Exports Sdn Bhd,103,SA-705959-48,contact@elitebuilding48.com,+65-439-310-363
49,Pioneer Jewelry Overseas LLC,151,FE-551492-49,contact@pioneerjewelry49.com,+55-428-602-012
50,Crown Machinery International Corp,138,BQ-216730-50,contact@crownmachinery50.com,+86-894-746-681
51,Global Furniture International Ltd,83,VZ-369643-51,contact@globalfurniture51.com,+27-545-285-532
52,Diamond Plastics Exports Ltd,27,AI-275003-52,contact@diamondplastics52.com,+92-538-000-259
53,Royal Building Materials Exports Ltd,190,WQ-277122-53,contact@royalbuilding53.com,+31-312-464-536
54,Alliance Handicrafts Export BV,122,GI-419001-54,contact@alliancehandicraft54.com,+880-631-977-229
55,Atlas Electronics International Ltd,135,XC-849373-55,contact@atlaselectronics55.com,+90-728-190-048
56,Horizon Cosmetics Export Ltd,43,QB-562091-56,contact@horizoncosmetics56.com,+49-965-967-742
57,Horizon Handicrafts Exports SL,164,HY-249140-57,contact@horizonhandicrafts57.com,+86-658-456-815
58,United Petrochemicals Export Ltd,159,QX-582442-58,contact@unitedpetrochemica58.com,+966-748-387-439
59,Meridian Leather Goods Overseas Ltd,97,TN-889075-59,contact@meridianleather59.com,+82-432-882-124
60,Meridian Seafood Overseas OOO,143,HN-191230-60,contact@meridianseafood60.com,+94-914-913-820
61,Western Electrical Equipment Overseas Ltd,152,ZU-348541-61,contact@westernelectrical61.com,+34-666-492-630
62,Superior Spices Exports KK,85,XR-373397-62,contact@superiorspices62.com,+60-674-930-545
63,Superior Petrochemicals Overseas Ltd,105,BR-345555-63,contact@superiorpetrochemi63.com,+94-215-329-259
64,Vertex Cosmetics Overseas Pte Ltd,156,CY-989163-64,contact@vertexcosmetics64.com,+39-799-226-647
65,Ocean Pharma Exports Pvt Ltd,14,YJ-756280-65,contact@oceanpharma65.com,+27-266-513-821
66,United Leather Goods Export Ltd,34,ZU-453450-66,contact@unitedleather66.com,+90-674-160-894
67,Eastern Furniture International Ltd,46,CV-578464-67,contact@easternfurniture67.com,+55-677-490-630
68,Royal Plastics International Pvt Ltd,165,GO-686596-68,contact@royalplastics68.com,+52-366-535-544
69,Global Garments Export Ltd,191,ZB-223131-69,contact@globalgarments69.com,+234-756-563-841
70,Western Pharma Export Ltd,42,FQ-655603-70,contact@westernpharma70.com,+90-867-182-196
71,Superior Automotive Parts Exports Ltd,148,FV-119551-71,contact@superiorautomotive71.com,+86-305-969-391
72,Falcon Handicrafts Export Ltd,126,VX-899449-72,contact@falconhandicrafts72.com,+44-376-650-574
73,Western Textiles Exports Pty Ltd,9,AM-717804-73,contact@westerntextiles73.com,+55-571-940-454
74,United Cosmetics Exports SARL,60,YX-696782-74,contact@unitedcosmetics74.com,+44-482-698-301
75,Pioneer Seafood Export Ltd,78,UJ-597415-75,contact@pioneerseafood75.com,+234-417-538-530
76,Pioneer Minerals International LLC,51,YE-656091-76,contact@pioneerminerals76.com,+1-741-224-029
77,Vertex Minerals Exports Ltd,70,FJ-606446-77,contact@vertexminerals77.com,+966-022-546-445
78,Trans Furniture Overseas BV,122,EW-457433-78,contact@transfurniture78.com,+94-804-384-896
79,Meridian Jewelry Trading Ltd,68,IO-879055-79,contact@meridianjewelry79.com,+31-090-727-678
80,Superior Petrochemicals International Ltd,50,RF-656065-80,contact@superiorpetrochemi80.com,+94-880-571-886
81,Superior Plastics Export Ltd,99,HA-359062-81,contact@superiorplastics81.com,+971-721-557-572
82,Pioneer Furniture International Ltd,134,FQ-296449-82,contact@pioneerfurniture82.com,+31-397-916-215
83,Crown Garments Overseas Ltd,47,WO-596210-83,contact@crowngarments83.com,+55-513-649-938
84,National Leather Goods Trading SA,17,RU-729376-84,contact@nationalleather84.com,+34-020-647-121
85,Royal Automotive Parts International Ltd,11,BP-516711-85,contact@royalautomotive85.com,+86-931-709-176
86,Ocean Electronics International Ltd,174,RX-307524-86,contact@oceanelectronics86.com,+91-009-523-498
87,Pacific Handicrafts International Ltd,30,JK-851624-87,contact@pacifichandicrafts87.com,+48-488-764-063
88,Apex Chemicals International SA,17,QL-181661-88,contact@apexchemicals88.com,+971-856-819-043
89,Crown Plastics International OOO,143,WW-485390-89,contact@crownplastics89.com,+1-258-602-451
90,Star Spices Exports Corp,138,JF-866879-90,contact@starspices90.com,+86-279-781-479
91,Ocean Pharma Export SL,164,ZJ-555656-91,contact@oceanpharma91.com,+49-454-135-398
92,Pacific Leather Goods International OOO,143,HV-288985-92,contact@pacificleather92.com,+52-269-604-843
93,Elite Consumer Goods Overseas BV,122,LE-759575-93,contact@eliteconsumer93.com,+92-317-757-194
94,Prime Machinery Exports Ltd,178,FQ-204287-94,contact@primemachinery94.com,+49-309-507-185
95,Meridian Petrochemicals Overseas Ltd,157,YD-325602-95,contact@meridianpetrochemi95.com,+971-970-597-260
96,Eastern Petrochemicals International PT,77,UF-938421-96,contact@easternpetrochemic96.com,+91-432-322-452
97,Phoenix Spices Overseas SL,164,MA-684716-97,contact@phoenixspices97.com,+33-369-171-525
98,Vertex Metals Overseas Ltd,139,PU-799602-98,contact@vertexmetals98.com,+62-721-509-060
99,Global Chemicals Exports Ltd,157,HH-447403-99,contact@globalchemicals99.com,+31-823-845-680
100,Meridian Textiles International Ltd,116,MC-652554-00,contact@meridiantextiles100.com,+971-155-087-746
101,Sun Agro Foods Exports Ltd,69,AD-176058-01,contact@sunagro101.com,+44-779-466-662
102,Star Consumer Goods Overseas Ltd,47,FY-983411-02,contact@starconsumer102.com,+49-937-533-101
103,Alliance Metals International Pvt Ltd,131,KY-356089-03,contact@alliancemetals103.com,+966-862-281-769
104,Western Textiles Exports Ltd,75,ZC-615718-04,contact@westerntextiles104.com,+27-119-707-042
105,Meridian Metals Exports Ltd,35,XT-990768-05,contact@meridianmetals105.com,+971-487-331-096
106,Atlas Minerals Overseas KK,85,MO-809110-06,contact@atlasminerals106.com,+94-999-554-975
107,Western Paper Products International AS,179,WX-891184-07,contact@westernpaper107.com,+91-395-815-426
108,Diamond Petrochemicals Overseas Ltd,89,DX-507854-08,contact@diamondpetrochemic108.com,+62-347-759-902
109,Falcon Pharma International Ltd,25,AX-295336-09,contact@falconpharma109.com,+49-759-696-270
110,Eastern Plastics Trading Co Ltd,36,CZ-516803-10,contact@easternplastics110.com,+880-355-130-200
111,Meridian Garments Trading SARL,60,BG-381287-11,contact@meridiangarments111.com,+66-512-728-146
112,United Furniture Exports Ltd,58,MB-785644-12,contact@unitedfurniture112.com,+27-028-141-073
113,Silver Footwear Exports Inc,32,FK-932270-13,contact@silverfootwear113.com,+39-935-864-001
114,United Textiles International LLC,151,HO-276838-14,contact@unitedtextiles114.com,+52-920-728-725
115,Continental Garments Export LLC,151,DQ-590053-15,contact@continentalgarment115.com,+34-961-013-419
116,Alliance Chemicals Export Ltd,109,QW-837757-16,contact@alliancechemicals116.com,+65-611-225-225
117,Star Paper Products Exports Ltd,30,QV-153784-17,contact@starpaper117.com,+880-920-159-951
118,Phoenix Garments Overseas Pvt Ltd,131,TG-305762-18,contact@phoenixgarments118.com,+65-903-122-563
119,National Pharma Exports Corp,138,UL-500334-19,contact@nationalpharma119.com,+61-296-925-915
120,Vertex Minerals Overseas SA de CV,110,KL-235927-20,contact@vertexminerals120.com,+82-893-153-177
121,Summit Metals Exports LLC,184,GT-878032-21,contact@summitmetals121.com,+49-991-037-223
122,Royal Spices Trading Pvt Ltd,131,KW-960565-22,contact@royalspices122.com,+82-815-644-993
123,Phoenix Cosmetics Exports KK,85,PC-934667-23,contact@phoenixcosmetics123.com,+33-985-278-610
124,Trans Paper Products Overseas Ltd,160,WS-265787-24,contact@transpaper124.com,+234-794-185-368
125,Western Footwear Export Pvt Ltd,165,GT-886677-25,contact@westernfootwear125.com,+31-440-770-920
126,Diamond Cosmetics International Ltda,24,UO-555944-26,contact@diamondcosmetics126.com,+86-564-058-822
127,Alliance Agro Foods International Ltd,56,TN-889766-27,contact@allianceagro127.com,+66-698-501-204
128,Trans Leather Goods Overseas Pvt Ltd,76,JX-453999-28,contact@transleather128.com,+86-692-418-897
129,Phoenix Footwear Exports Pte Ltd,156,DI-957827-29,contact@phoenixfootwear129.com,+81-491-754-054
130,Universal Minerals International Ltd,126,HH-851343-30,contact@universalminerals130.com,+971-712-882-342
131,Golden Agro Foods Trading Pty Ltd,9,QW-175306-31,contact@goldenagro131.com,+62-783-843-831
132,National Petrochemicals Exports Ltd,21,TQ-530341-32,contact@nationalpetrochemi132.com,+94-232-917-383
133,Superior Paper Products Exports Pvt Ltd,131,XN-477879-33,contact@superiorpaper133.com,+49-893-274-046
134,Ocean Consumer Goods International Ltd,100,PF-768964-34,contact@oceanconsumer134.com,+27-453-552-271
135,Elite Agro Foods Export BV,122,KT-903910-35,contact@eliteagro135.com,+20-710-499-814
136,National Furniture Overseas Ltd,25,IS-146258-36,contact@nationalfurniture136.com,+33-441-174-338
137,Phoenix Electronics Overseas Pty Ltd,161,ZB-968531-37,contact@phoenixelectronics137.com,+31-933-644-037
138,Summit Metals Exports Ltd,98,HJ-395640-38,contact@summitmetals138.com,+33-855-428-146
139,Golden Electronics Exports Ltd,126,XI-921703-39,contact@goldenelectronics139.com,+234-691-669-547
140,National Seafood Exports Co Ltd,162,UV-659477-40,contact@nationalseafood140.com,+33-931-670-133
141,Sun Pharma Trading SRL,82,JX-387736-41,contact@sunpharma141.com,+84-904-879-297
142,Universal Machinery Export Ltd,125,NG-196659-42,contact@universalmachinery142.com,+1-630-607-899
143,Horizon Agro Foods Exports Ltd,121,RG-186145-43,contact@horizonagro143.com,+65-617-924-217
144,Alliance Machinery International Pty Ltd,9,VU-957353-44,contact@alliancemachinery144.com,+82-403-110-798
145,Pioneer Textiles Overseas Pty Ltd,9,KX-503783-45,contact@pioneertextiles145.com,+82-551-989-469
146,Elite Petrochemicals Overseas Ltd,49,MT-112560-46,contact@elitepetrochemical146.com,+86-988-214-943
147,Silver Cosmetics Overseas Ltd,149,XB-703452-47,contact@silvercosmetics147.com,+86-261-870-318
148,Apex Automotive Parts Overseas Co Ltd,162,NX-695059-48,contact@apexautomotive148.com,+31-713-056-878
149,Horizon Building Materials International Ltd,16,DW-206585-49,contact@horizonbuilding149.com,+90-985-017-365
150,Star Metals Trading Ltd,50,GV-243555-50,contact@starmetals150.com,+27-151-467-633
151,Crown Electronics International Ltd,48,FF-617571-51,contact@crownelectronics151.com,+86-264-331-367
152,Diamond Building Materials Overseas Ltd,175,TS-112073-52,contact@diamondbuilding152.com,+81-395-107-837
153,Ocean Rubber Products International Ltd,104,OQ-976595-53,contact@oceanrubber153.com,+27-017-464-045
154,Western Spices Overseas Ltd,114,HL-388298-54,contact@westernspices154.com,+84-753-147-759
155,Star Leather Goods Overseas Sdn Bhd,103,JD-855331-55,contact@starleather155.com,+62-758-574-729
156,Pacific Textiles Exports Ltd,142,RP-882076-56,contact@pacifictextiles156.com,+48-365-986-984
157,Silver Rubber Products Export KK,85,NB-627503-57,contact@silverrubber157.com,+34-981-531-578
158,Meridian Building Materials Export Co Ltd,173,ZH-698152-58,contact@meridianbuilding158.com,+234-250-601-585
159,Atlas Machinery Overseas GmbH,64,YE-939138-59,contact@atlasmachinery159.com,+1-857-044-223
160,Star Furniture Trading Pty Ltd,161,TW-384826-60,contact@starfurniture160.com,+33-301-233-933
161,Phoenix Chemicals Export Ltd,46,XR-592372-61,contact@phoenixchemicals161.com,+49-273-245-145
162,Eastern Footwear Trading Pvt Ltd,131,GN-145931-62,contact@easternfootwear162.com,+61-536-081-240
163,Summit Cosmetics Export Ltd,141,KX-942292-63,contact@summitcosmetics163.com,+880-919-766-242
164,Sun Minerals Overseas Inc,32,MW-224432-64,contact@sunminerals164.com,+61-173-980-669
165,Western Cosmetics Trading Ltd,185,IK-438060-65,contact@westerncosmetics165.com,+48-518-859-825
166,Phoenix Jewelry Trading Ltd,62,VC-621585-66,contact@phoenixjewelry166.com,+86-562-436-726
167,Pioneer Petrochemicals Trading Ltd,121,KV-632718-67,contact@pioneerpetrochemic167.com,+966-920-177-882
168,Sun Consumer Goods International Co Ltd,173,SS-899836-68,contact@sunconsumer168.com,+48-889-980-200
169,Silver Automotive Parts Export Ltd,189,BS-897219-69,contact@silverautomotive169.com,+1-599-001-877
170,Global Seafood Exports Pvt Ltd,14,CI-335515-70,contact@globalseafood170.com,+82-311-852-789
171,Eastern Cosmetics International Ltd,90,UV-682138-71,contact@easterncosmetics171.com,+1-569-729-029
172,Summit Leather Goods International Pty Ltd,161,YH-309853-72,contact@summitleather172.com,+966-744-203-203
173,Superior Chemicals Exports OOO,143,VZ-867472-73,contact@superiorchemicals173.com,+62-017-608-030
174,Horizon Consumer Goods Trading Pte Ltd,156,ZJ-576523-74,contact@horizonconsumer174.com,+94-911-969-668
175,Silver Electrical Equipment International Ltd,127,KN-764868-75,contact@silverelectrical175.com,+31-726-806-741
176,Prime Handicrafts International AS,179,HZ-826122-76,contact@primehandicrafts176.com,+44-895-924-097
177,Pioneer Handicrafts International Ltd,160,IB-929110-77,contact@pioneerhandicrafts177.com,+48-639-212-690
178,Western Minerals Overseas Ltd,72,QR-305614-78,contact@westernminerals178.com,+66-121-056-620
179,Pioneer Leather Goods Exports KK,85,WY-363800-79,contact@pioneerleather179.com,+33-280-060-753
180,Golden Jewelry International Co Ltd,36,FT-500103-80,contact@goldenjewelry180.com,+92-108-789-326
181,Golden Cosmetics Overseas SRL,82,MZ-333727-81,contact@goldencosmetics181.com,+52-257-454-081
182,National Metals Overseas Ltd,44,ZG-481519-82,contact@nationalmetals182.com,+86-278-653-066
183,Diamond Seafood International SL,164,WP-216491-83,contact@diamondseafood183.com,+31-957-315-005
184,Crown Furniture Trading Ltd,178,KT-474255-84,contact@crownfurniture184.com,+61-910-900-893
185,Horizon Electronics Trading SA,17,NJ-920263-85,contact@horizonelectronics185.com,+94-573-365-303
186,Prime Spices International Pvt Ltd,14,YB-711296-86,contact@primespices186.com,+61-787-908-077
187,Diamond Garments Trading LLC,51,LF-510199-87,contact@diamondgarments187.com,+82-230-316-373
188,Royal Textiles International Ltd,107,SF-882514-88,contact@royaltextiles188.com,+84-817-009-864
189,Golden Jewelry Trading Ltd,99,VE-570234-89,contact@goldenjewelry189.com,+61-696-665-744
190,Golden Metals Trading Inc,32,LY-996057-90,contact@goldenmetals190.com,+971-250-004-527
191,Atlas Metals International Ltd,181,KY-314335-91,contact@atlasmetals191.com,+90-875-539-919
192,Elite Machinery Overseas Ltd,139,XU-763213-92,contact@elitemachinery192.com,+94-889-916-620
193,Trans Machinery Exports Ltda,24,RA-918520-93,contact@transmachinery193.com,+31-962-122-059
194,Universal Seafood Exports Ltd,28,MV-184795-94,contact@universalseafood194.com,+971-264-807-534
195,Vertex Petrochemicals Exports Inc,32,LL-341848-95,contact@vertexpetrochemica195.com,+92-896-095-722
196,Royal Minerals International Co Ltd,36,HZ-353799-96,contact@royalminerals196.com,+81-201-559-493
197,Silver Paper Products International Ltd,13,LE-828278-97,contact@silverpaper197.com,+82-831-171-275
198,Global Seafood Exports Ltd,2,QF-927645-98,contact@globalseafood198.com,+55-020-437-756
199,Prime Paper Products Export Ltd,146,RA-487569-99,contact@primepaper199.com,+234-108-088-486
200,Phoenix Chemicals International Sdn Bhd,103,AB-862454-00,contact@phoenixchemicals200.com,+44-602-718-843
201,Horizon Petrochemicals Trading AG,169,ID-320148-01,contact@horizonpetrochemic201.com,+65-120-289-015
202,Trans Furniture Trading KK,85,GA-716340-02,contact@transfurniture202.com,+44-135-697-597
203,Golden Furniture Exports Corp,138,XH-981380-03,contact@goldenfurniture203.com,+27-730-272-334
204,Global Jewelry Overseas Ltd,139,PT-331879-04,contact@globaljewelry204.com,+92-703-649-595
205,Western Automotive Parts International Co Ltd,162,SS-717327-05,contact@westernautomotive205.com,+61-233-201-396
206,Eastern Handicrafts Overseas Ltd,15,IX-512063-06,contact@easternhandicrafts206.com,+60-947-815-335
207,Golden Machinery Trading Ltd,41,IR-480748-07,contact@goldenmachinery207.com,+39-999-662-622
208,Continental Pharma Export LLC,184,HX-537901-08,contact@continentalpharma208.com,+92-196-619-843
209,National Plastics Export OOO,143,UG-994584-09,contact@nationalplastics209.com,+94-173-494-058
210,Crown Automotive Parts Overseas LLC,184,AM-944471-10,contact@crownautomotive210.com,+33-490-832-300
211,United Chemicals Overseas BV,122,WM-895539-11,contact@unitedchemicals211.com,+84-281-103-315
212,Star Cosmetics Exports BV,122,HW-835447-12,contact@starcosmetics212.com,+92-401-711-412
213,Continental Leather Goods Trading Pty Ltd,161,BE-153560-13,contact@continentalleather213.com,+84-818-546-658
214,Continental Minerals International KK,85,DQ-853649-14,contact@continentalmineral214.com,+44-673-864-786
215,Western Chemicals Trading Ltd,45,LQ-630549-15,contact@westernchemicals215.com,+966-170-879-092
216,Trans Electrical Equipment Trading Ltd,25,CQ-418314-16,contact@transelectrical216.com,+66-184-890-811
217,Royal Handicrafts International Ltd,175,OX-733181-17,contact@royalhandicrafts217.com,+61-388-588-531
218,National Chemicals Trading Ltd,18,KS-203935-18,contact@nationalchemicals218.com,+1-327-486-845
219,Apex Electronics Exports Ltd,150,JX-680502-19,contact@apexelectronics219.com,+52-284-044-577
220,Horizon Seafood Overseas Ltd,135,AJ-449729-20,contact@horizonseafood220.com,+65-393-378-574
221,National Petrochemicals Export AS,179,AE-947436-21,contact@nationalpetrochemi221.com,+880-165-960-168
222,Diamond Garments Export Co Ltd,192,KC-766818-22,contact@diamondgarments222.com,+90-400-291-016
223,National Building Materials Export AS,179,UF-113058-23,contact@nationalbuilding223.com,+62-821-157-941
224,United Plastics Export Ltd,175,NY-140981-24,contact@unitedplastics224.com,+39-322-465-910
225,Western Seafood Exports Ltd,98,YL-950556-25,contact@westernseafood225.com,+880-372-373-756
226,Alliance Consumer Goods Exports Pty Ltd,161,PZ-337548-26,contact@allianceconsumer226.com,+49-841-054-322
227,Atlas Agro Foods Trading SARL,60,WC-534179-27,contact@atlasagro227.com,+1-101-905-626
228,Apex Rubber Products International Ltd,12,OF-152932-28,contact@apexrubber228.com,+86-539-183-315
229,Crown Plastics Overseas Ltd,178,SS-808690-29,contact@crownplastics229.com,+234-654-749-995
230,Alliance Petrochemicals Trading Ltd,90,WS-537924-30,contact@alliancepetrochemi230.com,+65-809-436-495
231,Superior Automotive Parts International Ltd,22,LB-724510-31,contact@superiorautomotive231.com,+90-365-085-517
232,Diamond Automotive Parts Trading Ltd,86,VX-590639-32,contact@diamondautomotive232.com,+49-994-223-437
233,Trans Electronics Overseas Ltd,39,QI-349366-33,contact@transelectronics233.com,+94-910-726-166
234,Universal Spices Overseas SARL,60,ZF-632008-34,contact@universalspices234.com,+234-043-457-250
235,National Footwear International Ltd,28,IG-962236-35,contact@nationalfootwear235.com,+48-551-943-243
236,Silver Cosmetics International SARL,60,UZ-604951-36,contact@silvercosmetics236.com,+60-647-614-624
237,Summit Cosmetics Overseas Ltd,150,IR-132235-37,contact@summitcosmetics237.com,+92-649-223-737
238,Phoenix Seafood Exports Corp,138,TX-436699-38,contact@phoenixseafood238.com,+31-146-463-929
239,Alliance Agro Foods Export Pte Ltd,156,IB-152465-39,contact@allianceagro239.com,+20-011-320-050
240,Diamond Automotive Parts Export Ltd,114,ZD-623630-40,contact@diamondautomotive240.com,+55-169-798-291
241,Ocean Rubber Products International BV,122,YY-286509-41,contact@oceanrubber241.com,+82-256-652-544
242,Diamond Chemicals Overseas Ltd,55,JZ-666794-42,contact@diamondchemicals242.com,+82-668-200-768
243,Silver Furniture Trading Ltd,41,HQ-612982-43,contact@silverfurniture243.com,+234-888-273-908
244,Eastern Automotive Parts Export SRL,82,AT-903157-44,contact@easternautomotive244.com,+39-707-662-146
245,Apex Furniture International Ltd,98,VC-643412-45,contact@apexfurniture245.com,+48-866-766-658
246,Meridian Rubber Products Overseas Pty Ltd,9,JU-964466-46,contact@meridianrubber246.com,+31-584-788-717
247,Apex Plastics Overseas Ltd,90,SA-246347-47,contact@apexplastics247.com,+60-884-875-334
248,Global Textiles Export Co Ltd,192,YI-760081-48,contact@globaltextiles248.com,+49-825-107-978
249,National Machinery Exports Ltd,132,JB-993050-49,contact@nationalmachinery249.com,+971-867-358-834
250,United Handicrafts Exports GmbH,64,XD-631192-50,contact@unitedhandicrafts250.com,+81-005-403-380
251,Meridian Furniture Export Co Ltd,36,KS-858254-51,contact@meridianfurniture251.com,+27-530-107-933
252,Meridian Plastics International Ltd,185,MC-457085-52,contact@meridianplastics252.com,+48-188-650-852
253,Crown Petrochemicals Overseas SA de CV,110,WG-120509-53,contact@crownpetrochemical253.com,+60-441-054-728
254,Atlas Rubber Products Overseas Co Ltd,173,MH-148524-54,contact@atlasrubber254.com,+234-551-437-871
255,Diamond Plastics Trading Ltd,30,YM-383839-55,contact@diamondplastics255.com,+94-494-051-488
256,Elite Leather Goods International Ltd,84,WK-944942-56,contact@eliteleather256.com,+52-026-140-144
257,Global Handicrafts Overseas Ltd,19,MZ-950927-57,contact@globalhandicrafts257.com,+234-278-382-496
258,National Rubber Products Trading Ltd,153,KK-388777-58,contact@nationalrubber258.com,+66-266-436-100
259,Meridian Cosmetics Trading Co Ltd,192,RS-353441-59,contact@meridiancosmetics259.com,+86-049-913-064
260,Golden Garments Export Co Ltd,192,KF-632196-60,contact@goldengarments260.com,+92-353-518-320
261,Horizon Building Materials Overseas KK,85,GI-583645-61,contact@horizonbuilding261.com,+971-355-222-013
262,Horizon Machinery Exports SL,164,SL-414325-62,contact@horizonmachinery262.com,+234-001-232-652
263,United Textiles Export AS,179,UK-711337-63,contact@unitedtextiles263.com,+39-230-640-644
264,Golden Consumer Goods Exports Ltd,68,DG-515582-64,contact@goldenconsumer264.com,+971-195-436-119
265,United Handicrafts Exports Ltd,139,DZ-129928-65,contact@unitedhandicrafts265.com,+90-219-190-720
266,Phoenix Petrochemicals International SA de CV,110,TZ-684425-66,contact@phoenixpetrochemic266.com,+52-909-684-635
267,Royal Handicrafts Overseas Ltd,119,LN-515909-67,contact@royalhandicrafts267.com,+55-993-586-560
268,Falcon Seafood Exports Sdn Bhd,103,VN-734584-68,contact@falconseafood268.com,+31-077-995-132
269,Horizon Rubber Products Export Co Ltd,192,TG-763647-69,contact@horizonrubber269.com,+880-887-184-141
270,Superior Machinery Overseas Pvt Ltd,14,TV-792578-70,contact@superiormachinery270.com,+48-540-875-087
271,Elite Electrical Equipment Export Co Ltd,173,IL-288179-71,contact@eliteelectrical271.com,+92-714-777-626
272,Universal Footwear International GmbH,64,WH-766463-72,contact@universalfootwear272.com,+66-693-385-039
273,Alliance Agro Foods Trading Ltd,66,FK-385658-73,contact@allianceagro273.com,+61-233-027-799
274,Summit Pharma Trading Ltd,130,AL-394737-74,contact@summitpharma274.com,+81-331-120-504
275,Phoenix Furniture Trading Ltd,28,PL-188038-75,contact@phoenixfurniture275.com,+52-406-073-518
276,Phoenix Plastics International Ltd,104,CN-823883-76,contact@phoenixplastics276.com,+61-964-429-550
277,Silver Automotive Parts Overseas Ltd,120,XB-965959-77,contact@silverautomotive277.com,+86-649-703-106
278,Universal Building Materials Overseas Ltd,130,GS-786257-78,contact@universalbuilding278.com,+33-268-569-750
279,Silver Building Materials Export Ltd,13,SG-907375-79,contact@silverbuilding279.com,+94-156-305-719
280,Continental Paper Products International Ltd,16,DA-356813-80,contact@continentalpaper280.com,+20-009-045-118
281,Western Pharma International Ltd,59,XV-704577-81,contact@westernpharma281.com,+82-415-635-084
282,Trans Electronics Trading Ltd,146,BF-212285-82,contact@transelectronics282.com,+1-393-575-706
283,Star Metals Overseas Co Ltd,162,RJ-186647-83,contact@starmetals283.com,+34-554-270-121
284,Pioneer Electrical Equipment Exports Ltd,112,KN-996751-84,contact@pioneerelectrical284.com,+91-714-277-793
285,Ocean Chemicals Trading Ltd,66,KN-406379-85,contact@oceanchemicals285.com,+33-219-366-660
286,Meridian Machinery Export Ltd,41,VL-331142-86,contact@meridianmachinery286.com,+91-693-050-329
287,Universal Paper Products Overseas GmbH,64,HT-258628-87,contact@universalpaper287.com,+48-954-729-840
288,Pacific Building Materials Export SRL,82,VI-461674-88,contact@pacificbuilding288.com,+971-917-174-185
289,Meridian Textiles Trading Ltd,91,JI-964301-89,contact@meridiantextiles289.com,+234-257-670-364
290,Phoenix Textiles Export Ltd,2,ZM-982552-90,contact@phoenixtextiles290.com,+1-344-087-701
291,Golden Rubber Products Trading Ltd,23,PU-878904-91,contact@goldenrubber291.com,+20-766-599-169
292,Alliance Rubber Products Overseas Ltd,33,LA-668996-92,contact@alliancerubber292.com,+34-553-587-582
293,Atlas Cosmetics International Pty Ltd,9,GL-331298-93,contact@atlascosmetics293.com,+34-365-563-184
294,Pacific Building Materials Export Co Ltd,173,SB-341206-94,contact@pacificbuilding294.com,+49-136-600-035
295,Apex Agro Foods Overseas Ltd,163,CW-682304-95,contact@apexagro295.com,+44-884-826-495
296,Pacific Handicrafts Export Pte Ltd,156,GO-539885-96,contact@pacifichandicrafts296.com,+33-122-229-629
297,Elite Footwear International Ltd,81,DJ-159708-97,contact@elitefootwear297.com,+60-781-429-508
298,United Chemicals Exports KK,85,EF-634625-98,contact@unitedchemicals298.com,+65-120-046-695
299,Phoenix Machinery Overseas Ltd,18,SL-207003-99,contact@phoenixmachinery299.com,+65-235-339-864
300,Global Rubber Products Export Ltd,187,VU-261647-00,contact@globalrubber300.com,+92-647-150-510
301,United Jewelry Exports Co Ltd,36,SB-797582-01,contact@unitedjewelry301.com,+61-761-256-546
302,Continental Agro Foods Trading Co Ltd,162,QH-810274-02,contact@continentalagro302.com,+234-671-055-520
303,Eastern Chemicals Trading Ltd,56,UR-409963-03,contact@easternchemicals303.com,+62-879-319-863
304,Meridian Textiles Export Ltd,101,ZE-114200-04,contact@meridiantextiles304.com,+234-347-110-753
305,Atlas Plastics Trading Inc,32,AU-736122-05,contact@atlasplastics305.com,+44-747-719-091
306,Sun Handicrafts Export Ltd,119,XW-937940-06,contact@sunhandicrafts306.com,+27-126-826-514
307,Silver Garments Overseas Pte Ltd,156,JN-119809-07,contact@silvergarments307.com,+90-532-402-196
308,National Agro Foods Export Ltd,84,TG-611611-08,contact@nationalagro308.com,+90-357-225-593
309,Elite Building Materials Export Ltd,147,BM-554439-09,contact@elitebuilding309.com,+31-771-033-062
310,National Chemicals Overseas SRL,82,WW-487692-10,contact@nationalchemicals310.com,+34-875-527-764
311,Eastern Seafood Overseas Co Ltd,173,EX-878706-11,contact@easternseafood311.com,+34-099-131-580
312,Atlas Leather Goods Overseas Ltd,54,KW-565117-12,contact@atlasleather312.com,+81-186-295-412
313,Continental Leather Goods International Ltd,56,IZ-771121-13,contact@continentalleather313.com,+1-430-331-198
314,Meridian Rubber Products Export Pty Ltd,9,LK-833307-14,contact@meridianrubber314.com,+39-577-758-609
315,Pacific Electronics Exports Ltd,120,SC-210825-15,contact@pacificelectronics315.com,+84-737-150-374
316,Golden Electrical Equipment Exports KK,85,RK-378332-16,contact@goldenelectrical316.com,+86-805-825-393
317,Royal Textiles International Inc,186,VN-280227-17,contact@royaltextiles317.com,+55-504-900-611
318,Global Plastics Trading Inc,32,BD-624838-18,contact@globalplastics318.com,+39-062-476-408
319,Global Plastics Exports SRL,82,PB-781423-19,contact@globalplastics319.com,+966-693-609-491
320,Prime Machinery International Ltd,185,TO-836759-20,contact@primemachinery320.com,+1-975-404-713
321,United Seafood International Inc,186,UQ-470240-21,contact@unitedseafood321.com,+31-966-274-879
322,Vertex Cosmetics Trading Sdn Bhd,103,QC-483177-22,contact@vertexcosmetics322.com,+49-854-775-105
323,Sun Cosmetics Exports Ltd,115,KS-568981-23,contact@suncosmetics323.com,+1-549-816-030
324,Apex Minerals Trading Ltd,137,OX-838203-24,contact@apexminerals324.com,+65-001-617-147
325,Phoenix Paper Products Export SA,17,IS-452550-25,contact@phoenixpaper325.com,+34-616-554-149
326,Diamond Petrochemicals Exports GmbH,10,YA-852762-26,contact@diamondpetrochemic326.com,+94-904-400-013
327,Prime Petrochemicals Trading AG,169,HP-249698-27,contact@primepetrochemical327.com,+39-409-366-212
328,United Chemicals Exports Ltd,194,RF-945281-28,contact@unitedchemicals328.com,+60-901-443-957
329,Ocean Footwear Exports Inc,32,XE-318040-29,contact@oceanfootwear329.com,+1-381-768-737
330,Western Handicrafts Exports Pvt Ltd,76,NQ-185109-30,contact@westernhandicrafts330.com,+49-371-947-373
331,Elite Furniture International Ltd,81,EM-910850-31,contact@elitefurniture331.com,+49-185-267-473
332,Ocean Jewelry Exports Ltd,189,XT-853453-32,contact@oceanjewelry332.com,+66-609-489-086
333,Falcon Minerals Export SARL,60,EC-551474-33,contact@falconminerals333.com,+61-858-861-834
334,Falcon Agro Foods Exports SL,164,XS-307678-34,contact@falconagro334.com,+65-445-460-126
335,Elite Electronics International Ltd,149,JP-682889-35,contact@eliteelectronics335.com,+31-675-079-208
336,National Cosmetics Exports Ltd,140,DA-902470-36,contact@nationalcosmetics336.com,+966-523-812-218
337,Trans Metals Exports Ltd,193,VV-433060-37,contact@transmetals337.com,+234-873-870-679
338,Continental Footwear Overseas Ltd,106,LU-642555-38,contact@continentalfootwea338.com,+33-611-941-779
339,Continental Plastics Trading AG,169,CW-817672-39,contact@continentalplastic339.com,+20-662-733-579
340,Elite Jewelry International SL,164,IJ-478810-40,contact@elitejewelry340.com,+44-207-905-434
341,Royal Spices Exports LLC,51,VE-251089-41,contact@royalspices341.com,+34-167-701-452
342,Royal Metals Export Pvt Ltd,131,CH-836679-42,contact@royalmetals342.com,+27-821-279-909
343,Continental Textiles Export Pte Ltd,156,UT-642655-43,contact@continentaltextile343.com,+39-061-184-188
344,Ocean Cosmetics Overseas Pty Ltd,161,JX-765271-44,contact@oceancosmetics344.com,+20-289-898-154
345,Diamond Electronics Exports Co Ltd,173,MJ-944084-45,contact@diamondelectronics345.com,+65-560-165-465
346,National Chemicals Exports Inc,32,VT-116384-46,contact@nationalchemicals346.com,+20-615-454-222
347,Silver Building Materials Exports Corp,138,KO-131539-47,contact@silverbuilding347.com,+31-379-394-710
348,Falcon Electronics Exports Pty Ltd,9,JP-470019-48,contact@falconelectronics348.com,+52-022-525-983
349,National Rubber Products Trading GmbH,64,XX-517651-49,contact@nationalrubber349.com,+44-931-965-377
350,Continental Seafood Trading GmbH,64,CD-831779-50,contact@continentalseafood350.com,+48-890-107-369
351,Trans Building Materials International SL,164,TV-230686-51,contact@transbuilding351.com,+81-580-316-019
352,Golden Textiles Exports Ltd,91,YA-922387-52,contact@goldentextiles352.com,+20-381-388-724
353,Diamond Electronics International SARL,60,RG-179419-53,contact@diamondelectronics353.com,+234-096-471-562
354,Meridian Footwear Exports Ltd,5,PH-712385-54,contact@meridianfootwear354.com,+34-074-295-963
355,Royal Metals Exports Inc,32,AM-408329-55,contact@royalmetals355.com,+84-453-908-317
356,Meridian Consumer Goods Trading Ltd,38,DI-618563-56,contact@meridianconsumer356.com,+33-510-976-879
357,Prime Petrochemicals Export Ltd,158,LV-765165-57,contact@primepetrochemical357.com,+34-840-915-609
358,Western Leather Goods Export Ltd,47,JE-612905-58,contact@westernleather358.com,+33-728-628-064
359,Superior Metals Trading Ltd,139,KN-949391-59,contact@superiormetals359.com,+65-744-186-650
360,Superior Agro Foods Export Ltd,166,TB-645811-60,contact@superioragro360.com,+1-228-993-230
361,Falcon Footwear International Ltd,81,BH-159315-61,contact@falconfootwear361.com,+966-784-407-397
362,Prime Handicrafts Export Ltd,50,MM-467657-62,contact@primehandicrafts362.com,+90-264-057-284
363,Meridian Chemicals Overseas OOO,143,QJ-672538-63,contact@meridianchemicals363.com,+971-215-379-181
364,Ocean Automotive Parts Overseas Pty Ltd,161,DV-461359-64,contact@oceanautomotive364.com,+971-047-859-422
365,Crown Rubber Products Exports LLC,51,VA-454272-65,contact@crownrubber365.com,+61-877-169-457
366,Elite Furniture Overseas Ltd,126,UD-770131-66,contact@elitefurniture366.com,+62-828-223-235
367,Diamond Seafood Export Ltd,109,KY-323096-67,contact@diamondseafood367.com,+86-023-990-719
368,Pioneer Metals International Ltd,41,WW-595630-68,contact@pioneermetals368.com,+20-469-207-518
369,Superior Plastics International Pvt Ltd,165,CW-389171-69,contact@superiorplastics369.com,+971-152-711-460
370,Apex Handicrafts International LLC,151,AU-921619-70,contact@apexhandicrafts370.com,+971-282-799-712
371,Sun Spices Exports Pvt Ltd,14,PW-112505-71,contact@sunspices371.com,+94-678-394-320
372,United Plastics Exports Ltd,39,GG-925018-72,contact@unitedplastics372.com,+66-588-410-579
373,Apex Paper Products International Ltd,72,NU-479900-73,contact@apexpaper373.com,+44-153-366-841
374,Global Building Materials Export Sdn Bhd,103,DL-138800-74,contact@globalbuilding374.com,+60-025-562-717
375,Crown Metals Exports Corp,138,RT-958693-75,contact@crownmetals375.com,+84-982-136-615
376,Sun Electronics International LLC,51,KY-766697-76,contact@sunelectronics376.com,+66-972-692-290
377,Continental Minerals Trading SRL,82,PI-321136-77,contact@continentalmineral377.com,+61-738-960-846
378,Vertex Pharma Trading Ltd,84,KL-111434-78,contact@vertexpharma378.com,+971-971-027-914
379,Trans Handicrafts Exports Ltd,159,IC-256974-79,contact@transhandicrafts379.com,+966-246-552-231
380,Vertex Leather Goods Trading Ltd,116,HV-944135-80,contact@vertexleather380.com,+31-458-498-017
381,Trans Cosmetics International Pvt Ltd,14,LY-936849-81,contact@transcosmetics381.com,+81-323-830-155
382,Falcon Automotive Parts Export Ltda,24,SV-303071-82,contact@falconautomotive382.com,+94-489-924-717
383,Vertex Seafood Trading KK,85,EQ-391025-83,contact@vertexseafood383.com,+84-039-330-899
384,Sun Machinery Exports SA,17,BX-458308-84,contact@sunmachinery384.com,+66-035-990-678
385,Pacific Chemicals Export SA de CV,110,IJ-131032-85,contact@pacificchemicals385.com,+66-595-942-477
386,Pioneer Spices Trading Ltd,177,UH-997689-86,contact@pioneerspices386.com,+81-199-668-110
387,Western Building Materials Exports GmbH,64,RZ-597084-87,contact@westernbuilding387.com,+33-834-426-475
388,Alliance Building Materials Exports Ltd,90,VD-993049-88,contact@alliancebuilding388.com,+52-684-426-006
389,Silver Agro Foods Exports Pte Ltd,156,UY-538128-89,contact@silveragro389.com,+49-651-250-776
390,Silver Leather Goods Trading Ltd,6,JI-216921-90,contact@silverleather390.com,+33-884-197-714
391,Atlas Electrical Equipment Trading Ltd,116,EM-489415-91,contact@atlaselectrical391.com,+81-883-951-496
392,Superior Machinery International Ltd,123,DU-580304-92,contact@superiormachinery392.com,+84-682-165-792
393,Eastern Agro Foods Trading AS,179,OQ-157691-93,contact@easternagro393.com,+48-190-362-978
394,Phoenix Agro Foods Exports Ltd,132,YP-868196-94,contact@phoenixagro394.com,+971-052-256-958
395,Vertex Petrochemicals Exports Ltd,148,LK-200894-95,contact@vertexpetrochemica395.com,+48-243-393-927
396,Global Textiles Export Ltd,66,PZ-246221-96,contact@globaltextiles396.com,+91-500-639-503
397,Elite Consumer Goods Trading Ltd,121,YT-369960-97,contact@eliteconsumer397.com,+27-846-423-890
398,Golden Seafood Trading SA,17,ZM-980424-98,contact@goldenseafood398.com,+61-280-192-396
399,Crown Paper Products International Pty Ltd,9,YN-516508-99,contact@crownpaper399.com,+44-451-218-802
400,Phoenix Paper Products Exports SRL,82,JZ-664375-00,contact@phoenixpaper400.com,+20-899-298-536
401,National Textiles Trading Co Ltd,36,YA-503844-01,contact@nationaltextiles401.com,+65-154-654-001
402,Apex Garments Overseas BV,122,FX-393718-02,contact@apexgarments402.com,+33-499-392-427
403,United Minerals International Ltd,139,XL-609306-03,contact@unitedminerals403.com,+65-512-036-565
404,Eastern Jewelry International LLC,51,JS-500510-04,contact@easternjewelry404.com,+81-252-783-675
405,Royal Electrical Equipment International Ltd,108,RU-219160-05,contact@royalelectrical405.com,+52-794-328-380
406,Elite Building Materials International SA de CV,110,UY-925340-06,contact@elitebuilding406.com,+66-627-986-584
407,Falcon Paper Products International Ltd,163,LZ-891096-07,contact@falconpaper407.com,+55-154-752-962
408,Silver Seafood Trading BV,122,NJ-976807-08,contact@silverseafood408.com,+31-693-582-368
409,Superior Textiles Trading BV,122,BR-218608-09,contact@superiortextiles409.com,+92-983-171-894
410,Global Machinery Overseas Ltd,75,MG-891282-10,contact@globalmachinery410.com,+31-210-853-693
411,Western Metals Trading SL,164,ZO-581320-11,contact@westernmetals411.com,+234-022-551-050
412,Global Handicrafts International Ltda,24,GB-434288-12,contact@globalhandicrafts412.com,+94-930-341-747
413,Golden Jewelry International Ltd,72,LT-579349-13,contact@goldenjewelry413.com,+971-423-644-433
414,Pacific Machinery International Pvt Ltd,14,JK-119851-14,contact@pacificmachinery414.com,+92-995-541-342
415,Continental Footwear Trading PT,77,PN-183256-15,contact@continentalfootwea415.com,+34-812-794-445
416,United Garments Exports Ltd,119,FA-513291-16,contact@unitedgarments416.com,+84-144-727-609
417,Silver Garments Exports Pvt Ltd,14,AR-885931-17,contact@silvergarments417.com,+39-089-520-900
418,Sun Petrochemicals Trading Ltd,100,HP-550626-18,contact@sunpetrochemicals418.com,+1-051-283-469
419,Superior Building Materials Export Ltd,181,NC-449011-19,contact@superiorbuilding419.com,+61-413-293-684
420,Continental Textiles Export Ltd,176,BN-772867-20,contact@continentaltextile420.com,+82-962-675-751
421,Prime Electrical Equipment Trading Ltd,99,YS-743997-21,contact@primeelectrical421.com,+966-790-053-591
422,Sun Jewelry International Ltd,63,IP-126213-22,contact@sunjewelry422.com,+234-363-657-257
423,Crown Building Materials Overseas Ltd,176,ZJ-660449-23,contact@crownbuilding423.com,+82-152-114-311
424,Diamond Furniture Overseas Ltd,163,EG-682124-24,contact@diamondfurniture424.com,+55-611-858-917
425,Pacific Handicrafts Export Ltd,117,BN-780938-25,contact@pacifichandicrafts425.com,+60-514-603-021
426,Horizon Agro Foods Exports Ltda,24,HW-215571-26,contact@horizonagro426.com,+84-940-797-843
427,Eastern Footwear Exports PT,77,YP-450820-27,contact@easternfootwear427.com,+33-161-516-645
428,Pioneer Cosmetics Overseas Ltd,12,JK-838756-28,contact@pioneercosmetics428.com,+66-733-706-399
429,Global Petrochemicals Export LLC,151,OV-118262-29,contact@globalpetrochemica429.com,+90-303-506-079
430,Vertex Seafood Overseas Ltd,22,ZP-978035-30,contact@vertexseafood430.com,+52-675-442-860
431,Diamond Consumer Goods Trading LLC,184,CK-115509-31,contact@diamondconsumer431.com,+33-273-751-611
432,Vertex Furniture Overseas Ltd,139,CQ-624703-32,contact@vertexfurniture432.com,+61-275-723-005
433,Pacific Minerals Exports Ltd,148,AQ-600214-33,contact@pacificminerals433.com,+84-742-982-698
434,Royal Electronics Trading Co Ltd,192,EL-705690-34,contact@royalelectronics434.com,+971-497-543-565
435,Phoenix Electronics Exports Ltd,150,TY-275704-35,contact@phoenixelectronics435.com,+49-021-970-926
436,Elite Garments Trading Ltd,18,PV-396737-36,contact@elitegarments436.com,+94-429-666-625
437,Elite Cosmetics Trading Ltd,149,ME-864490-37,contact@elitecosmetics437.com,+60-660-558-975
438,Pacific Pharma International Co Ltd,36,ZG-855969-38,contact@pacificpharma438.com,+65-075-095-265
439,Golden Electronics Exports Pty Ltd,161,SP-138017-39,contact@goldenelectronics439.com,+82-112-242-963
440,United Jewelry Trading LLC,151,LT-485984-40,contact@unitedjewelry440.com,+91-217-751-918
441,Ocean Seafood Trading Ltd,40,XV-694205-41,contact@oceanseafood441.com,+61-709-431-321
442,Sun Handicrafts Exports SA,17,TQ-570420-42,contact@sunhandicrafts442.com,+20-392-996-476
443,Horizon Leather Goods Export OOO,143,BL-681849-43,contact@horizonleather443.com,+62-408-404-652
444,Summit Furniture Exports Pvt Ltd,76,KY-894171-44,contact@summitfurniture444.com,+33-402-955-621
445,Golden Building Materials Export BV,122,CH-521370-45,contact@goldenbuilding445.com,+48-195-408-977
446,Universal Machinery Overseas Ltd,31,WC-895819-46,contact@universalmachinery446.com,+65-900-081-882
447,Ocean Electronics Overseas Ltd,52,CD-165100-47,contact@oceanelectronics447.com,+82-492-840-507
448,Prime Paper Products Trading Ltd,18,JT-496708-48,contact@primepaper448.com,+27-557-157-783
449,Horizon Petrochemicals Trading Pvt Ltd,131,MF-885035-49,contact@horizonpetrochemic449.com,+27-032-732-477
450,Alliance Cosmetics Exports Corp,138,BI-892607-50,contact@alliancecosmetics450.com,+90-323-034-555
451,Apex Agro Foods International SARL,60,CD-612195-51,contact@apexagro451.com,+91-410-586-998
452,Superior Leather Goods International Ltd,113,ME-390114-52,contact@superiorleather452.com,+966-538-693-175
453,Vertex Consumer Goods International Pvt Ltd,76,DJ-261899-53,contact@vertexconsumer453.com,+234-522-468-345
454,Atlas Pharma International Ltd,11,LK-294642-54,contact@atlaspharma454.com,+34-308-964-825
455,Prime Agro Foods Trading SRL,82,JS-352192-55,contact@primeagro455.com,+31-354-548-338
456,Pacific Plastics Trading Pvt Ltd,131,XH-718419-56,contact@pacificplastics456.com,+66-244-254-344
457,Royal Garments International Ltd,41,XT-930901-57,contact@royalgarments457.com,+20-126-671-999
458,Trans Furniture International Pvt Ltd,76,TW-600799-58,contact@transfurniture458.com,+66-599-699-673
459,National Plastics Export Co Ltd,192,EO-885279-59,contact@nationalplastics459.com,+86-657-887-152
460,Horizon Leather Goods Export Ltd,101,NC-805954-60,contact@horizonleather460.com,+966-692-626-992
461,Vertex Electronics Trading OOO,143,RV-222245-61,contact@vertexelectronics461.com,+880-478-273-903
462,Golden Metals Overseas PT,77,MJ-694961-62,contact@goldenmetals462.com,+62-187-437-960
463,Diamond Minerals Export Co Ltd,173,JD-805682-63,contact@diamondminerals463.com,+234-176-339-115
464,Horizon Automotive Parts Exports Ltd,153,XT-813808-64,contact@horizonautomotive464.com,+65-327-192-743
465,National Consumer Goods Export Ltd,2,AU-454302-65,contact@nationalconsumer465.com,+55-926-432-855
466,Vertex Seafood Export Pte Ltd,156,EB-141363-66,contact@vertexseafood466.com,+82-470-140-377
467,Pioneer Consumer Goods Exports Ltd,1,QH-244951-67,contact@pioneerconsumer467.com,+86-138-149-883
468,Trans Automotive Parts International SA de CV,110,NK-527640-68,contact@transautomotive468.com,+39-803-174-925
469,Alliance Paper Products Export BV,122,YW-220025-69,contact@alliancepaper469.com,+971-579-866-013
470,Prime Agro Foods Export Ltd,44,CQ-442328-70,contact@primeagro470.com,+966-380-257-134
471,Alliance Pharma Export Ltd,61,BM-129653-71,contact@alliancepharma471.com,+52-873-018-949
472,Eastern Electrical Equipment Trading Ltd,145,TT-163830-72,contact@easternelectrical472.com,+39-774-343-237
473,Crown Agro Foods Overseas Co Ltd,173,LK-210381-73,contact@crownagro473.com,+84-227-355-443
474,Diamond Rubber Products Export Ltd,125,RA-298426-74,contact@diamondrubber474.com,+34-229-363-218
475,Pacific Furniture Exports GmbH,64,AQ-202527-75,contact@pacificfurniture475.com,+81-421-069-882
476,Horizon Electronics Overseas Co Ltd,162,GX-812452-76,contact@horizonelectronics476.com,+971-468-340-073
477,United Paper Products International Ltd,12,JD-905681-77,contact@unitedpaper477.com,+33-326-690-226
478,Crown Garments Overseas Pte Ltd,156,BB-189241-78,contact@crowngarments478.com,+39-529-717-947
479,Royal Jewelry Overseas Ltd,121,BN-544018-79,contact@royaljewelry479.com,+90-593-904-851
480,Falcon Agro Foods Overseas KK,85,PX-682842-80,contact@falconagro480.com,+971-022-605-540
481,Summit Machinery Export Inc,32,XF-672789-81,contact@summitmachinery481.com,+33-664-226-338
482,Ocean Agro Foods International Ltd,93,BI-975790-82,contact@oceanagro482.com,+86-577-456-294
483,United Garments Overseas Inc,32,XB-995961-83,contact@unitedgarments483.com,+39-635-897-656
484,Prime Minerals Export Ltd,96,EU-802217-84,contact@primeminerals484.com,+234-002-616-630
485,Diamond Leather Goods International Ltd,150,OE-728548-85,contact@diamondleather485.com,+34-667-161-959
486,Continental Furniture Exports Corp,138,WA-926179-86,contact@continentalfurnitu486.com,+92-110-269-277
487,Continental Leather Goods Export Co Ltd,173,RR-988255-87,contact@continentalleather487.com,+39-585-617-454
488,Meridian Spices International Ltd,135,BU-224453-88,contact@meridianspices488.com,+90-254-303-455
489,Silver Cosmetics Exports Ltd,73,OX-265805-89,contact@silvercosmetics489.com,+20-867-560-719
490,National Footwear Export Ltd,50,KB-104669-90,contact@nationalfootwear490.com,+94-275-581-446
491,Western Paper Products Trading AG,169,UA-830648-91,contact@westernpaper491.com,+61-005-455-942
492,Falcon Jewelry Export Ltd,73,KN-548041-92,contact@falconjewelry492.com,+92-820-569-894
493,Pacific Paper Products Exports Ltd,126,AM-210825-93,contact@pacificpaper493.com,+81-202-797-946
494,Diamond Rubber Products Exports Ltd,139,ZL-912589-94,contact@diamondrubber494.com,+55-960-215-828
495,Trans Textiles Exports Ltd,87,QA-815599-95,contact@transtextiles495.com,+94-508-932-690
496,Apex Petrochemicals Overseas Inc,186,TI-303464-96,contact@apexpetrochemicals496.com,+49-641-774-030
497,Continental Rubber Products Trading Ltd,53,NW-175928-97,contact@continentalrubber497.com,+94-200-539-533
498,United Handicrafts Exports SRL,82,OB-732285-98,contact@unitedhandicrafts498.com,+65-653-513-269
499,Global Leather Goods Overseas Ltd,94,RT-666759-99,contact@globalleather499.com,+61-068-044-921
500,Sun Garments International Ltd,148,IB-319353-00,contact@sungarments500.com,+82-542-946-580
