Importer_ID,Company_Name,Country_ID,License_No,Email,Phone
1,Sun Consumer Goods Distribution Ltd,190,RT-765245-01,contact@sunconsumer1.com,+20-057-817-946
2,Ocean Garments Import Pvt Ltd,131,CB-402604-02,contact@oceangarments2.com,+61-699-590-893
3,Sun Seafood Import LLC,151,AN-478428-03,contact@sunseafood3.com,+49-930-558-200
4,Alliance Cosmetics Trading Ltd,67,SN-416371-04,contact@alliancecosmetics4.com,+31-044-372-349
5,Golden Electronics International Ltd,180,CQ-379710-05,contact@goldenelectronics5.com,+34-317-255-012
6,Pacific Paper Products Distribution Ltd,18,RV-402552-06,contact@pacificpaper6.com,+234-092-842-312
7,Eastern Paper Products Distribution Pvt Ltd,131,XA-390815-07,contact@easternpaper7.com,+49-903-267-513
8,United Handicrafts Imports Ltd,27,VS-691785-08,contact@unitedhandicrafts8.com,+66-758-490-834
9,Prime Textiles Distribution Ltd,183,NA-720493-09,contact@primetextiles9.com,+27-359-535-157
10,Meridian Garments Distribution Ltd,21,OE-933900-10,contact@meridiangarments10.com,+48-145-072-057
11,Sun Paper Products International Ltd,170,TE-843882-11,contact@sunpaper11.com,+61-322-351-291
12,Royal Minerals Import SRL,82,AC-675816-12,contact@royalminerals12.com,+1-257-818-143
13,Universal Metals Distribution BV,122,BV-941009-13,contact@universalmetals13.com,+65-289-078-312
14,Golden Minerals International PT,77,JU-218590-14,contact@goldenminerals14.com,+92-290-475-222
15,Silver Paper Products Import LLC,184,CN-246312-15,contact@silverpaper15.com,+44-839-448-337
16,Diamond Furniture International KK,85,MX-615599-16,contact@diamondfurniture16.com,+34-698-981-998
17,Silver Leather Goods Trading Ltd,70,QO-656184-17,contact@silverleather17.com,+52-127-665-427
18,Royal Footwear International PT,77,RL-884139-18,contact@royalfootwear18.com,+91-416-803-114
19,United Electronics Distribution Ltd,185,HV-142785-19,contact@unitedelectronics19.com,+31-746-508-216
20,Golden Leather Goods Imports LLC,51,IY-752045-20,contact@goldenleather20.com,+60-843-876-585
21,Vertex Jewelry Imports Ltd,19,UO-608869-21,contact@vertexjewelry21.com,+92-812-902-820
22,Silver Automotive Parts Distribution Ltd,74,BD-580472-22,contact@silverautomotive22.com,+234-202-785-742
23,Meridian Cosmetics Distribution Co Ltd,36,DK-692263-23,contact@meridiancosmetics23.com,+39-266-213-301
24,Continental Footwear Distribution Ltd,91,DX-209310-24,contact@continentalfootwea24.com,+971-355-975-289
25,Sun Garments Import LLC,51,GB-549472-25,contact@sungarments25.com,+880-448-095-499
26,Prime Garments International Ltd,185,NT-645887-26,contact@primegarments26.com,+61-774-461-723
27,Continental Garments International Ltd,140,HM-980359-27,contact@continentalgarment27.com,+1-984-055-656
28,Pacific Textiles Distribution Ltd,178,JB-963797-28,contact@pacifictextiles28.com,+34-963-888-651
29,Sun Electronics Imports Ltd,126,ZV-898039-29,contact@sunelectronics29.com,+81-445-956-970
30,Golden Machinery Imports Co Ltd,36,NO-274334-30,contact@goldenmachinery30.com,+34-923-668-536
31,Pacific Leather Goods International Pvt Ltd,165,KZ-277103-31,contact@pacificleather31.com,+90-953-524-359
32,Continental Plastics Trading BV,122,QL-549300-32,contact@continentalplastic32.com,+34-375-905-634
33,Pioneer Agro Foods Trading Ltd,178,DZ-489915-33,contact@pioneeragro33.com,+44-178-352-631
34,National Plastics Trading Inc,32,NM-838947-34,contact@nationalplastics34.com,+1-990-571-696
35,Prime Rubber Products Trading SA de CV,110,ZY-978380-35,contact@primerubber35.com,+61-088-580-983
36,Summit Leather Goods Imports Ltd,119,MM-523748-36,contact@summitleather36.com,+20-965-656-869
37,Star Electrical Equipment Import Ltd,112,JX-789244-37,contact@starelectrical37.com,+61-101-395-470
38,Royal Agro Foods Import Ltd,168,ZZ-471344-38,contact@royalagro38.com,+52-812-667-354
39,Falcon Plastics International LLC,184,ZN-563359-39,contact@falconplastics39.com,+39-241-438-723
40,Meridian Petrochemicals Import Ltd,30,QX-191488-40,contact@meridianpetrochemi40.com,+34-232-697-271
41,Golden Cosmetics Imports GmbH,64,YA-315720-41,contact@goldencosmetics41.com,+82-526-768-471
42,Pacific Furniture Imports Ltd,127,SC-592079-42,contact@pacificfurniture42.com,+82-177-649-226
43,Star Textiles Distribution Pvt Ltd,165,ZI-528979-43,contact@startextiles43.com,+44-233-291-482
44,Meridian Machinery Import Sdn Bhd,103,ZY-104631-44,contact@meridianmachinery44.com,+44-336-989-831
45,Trans Garments Trading Ltd,33,MG-549911-45,contact@transgarments45.com,+44-556-136-926
46,Apex Rubber Products Trading Ltd,126,MW-928654-46,contact@apexrubber46.com,+1-456-572-415
47,Elite Cosmetics Import PT,77,XA-100225-47,contact@elitecosmetics47.com,+20-054-617-650
48,Apex Petrochemicals Import Ltd,185,PW-893697-48,contact@apexpetrochemicals48.com,+86-426-695-757
49,Universal Furniture International Inc,32,XI-771330-49,contact@universalfurniture49.com,+1-403-967-828
50,Horizon Pharma International Ltd,139,WT-195130-50,contact@horizonpharma50.com,+55-394-244-985
51,Apex Plastics Trading Ltd,187,HL-209543-51,contact@apexplastics51.com,+91-311-252-491
52,Universal Paper Products Trading Co Ltd,173,XI-385066-52,contact@universalpaper52.com,+65-876-177-444
53,Trans Rubber Products Trading Ltd,96,UC-190660-53,contact@transrubber53.com,+66-308-764-445
54,Star Garments Imports Pty Ltd,9,IW-114212-54,contact@stargarments54.com,+966-314-729-322
55,Sun Garments Imports Ltd,117,LH-512983-55,contact@sungarments55.com,+61-412-332-039
56,Global Machinery Imports Ltd,104,RN-139364-56,contact@globalmachinery56.com,+31-139-832-067
57,Summit Textiles Import Ltd,157,EK-792654-57,contact@summittextiles57.com,+1-295-249-151
58,Western Metals Trading Ltda,24,NU-875857-58,contact@westernmetals58.com,+94-069-062-985
59,Alliance Automotive Parts International Ltd,154,MC-871131-59,contact@allianceautomotive59.com,+44-356-414-843
60,Pacific Electronics Trading Ltd,65,HY-718302-60,contact@pacificelectronics60.com,+60-126-987-295
61,Silver Agro Foods Trading Ltd,65,VG-233048-61,contact@silveragro61.com,+65-933-472-136
62,Crown Jewelry Imports Ltd,176,WA-893340-62,contact@crownjewelry62.com,+966-713-878-922
63,Eastern Metals Distribution Pvt Ltd,76,VA-613174-63,contact@easternmetals63.com,+966-352-860-279
64,Elite Jewelry International Ltd,126,GY-458764-64,contact@elitejewelry64.com,+31-448-174-298
65,Global Jewelry Trading Ltd,72,HC-335353-65,contact@globaljewelry65.com,+39-980-043-610
66,Eastern Garments Trading PT,77,OG-175825-66,contact@easterngarments66.com,+52-296-656-709
67,Golden Seafood Trading Ltd,83,LH-707763-67,contact@goldenseafood67.com,+234-904-324-242
68,Global Metals International Ltd,185,NX-802298-68,contact@globalmetals68.com,+90-090-321-421
69,Alliance Building Materials Imports LLC,184,UO-377141-69,contact@alliancebuilding69.com,+55-122-696-117
70,Sun Machinery Import Ltd,34,KO-293335-70,contact@sunmachinery70.com,+966-588-110-637
71,Royal Consumer Goods Imports Ltd,153,JY-103669-71,contact@royalconsumer71.com,+49-639-547-605
72,Global Building Materials Distribution Ltd,130,GI-370993-72,contact@globalbuilding72.com,+52-422-671-622
73,Golden Jewelry Distribution Inc,186,MQ-776316-73,contact@goldenjewelry73.com,+1-641-005-221
74,Eastern Agro Foods Distribution Ltd,18,JZ-668266-74,contact@easternagro74.com,+31-610-949-095
75,Vertex Rubber Products Import Ltd,125,YU-179004-75,contact@vertexrubber75.com,+91-873-329-888
76,Sun Textiles Trading LLC,184,KD-454662-76,contact@suntextiles76.com,+34-537-227-698
77,Eastern Chemicals International Pvt Ltd,131,GL-963531-77,contact@easternchemicals77.com,+92-460-104-895
78,Silver Pharma Import Ltd,58,PG-328453-78,contact@silverpharma78.com,+34-818-645-984
79,Vertex Spices Distribution Co Ltd,36,GU-294836-79,contact@vertexspices79.com,+90-784-307-854
80,Crown Handicrafts Imports Ltd,59,SQ-569361-80,contact@crownhandicrafts80.com,+61-704-234-656
81,Summit Spices Trading KK,85,KH-465478-81,contact@summitspices81.com,+90-523-096-217
82,Meridian Pharma Import Ltd,86,FV-222223-82,contact@meridianpharma82.com,+84-942-853-405
83,Universal Plastics Distribution GmbH,64,KS-385390-83,contact@universalplastics83.com,+60-753-629-840
84,Ocean Electronics Import Ltd,20,QF-407967-84,contact@oceanelectronics84.com,+62-343-920-304
85,Vertex Spices Import Ltd,127,LB-661513-85,contact@vertexspices85.com,+31-916-919-521
86,Global Rubber Products Imports GmbH,64,DF-930854-86,contact@globalrubber86.com,+1-680-114-255
87,Western Cosmetics Import Ltd,48,JH-216557-87,contact@westerncosmetics87.com,+44-002-307-455
88,Prime Handicrafts Imports SA de CV,110,ML-766396-88,contact@primehandicrafts88.com,+91-067-327-220
89,United Chemicals International Co Ltd,173,HH-124113-89,contact@unitedchemicals89.com,+60-697-261-733
90,Ocean Handicrafts Distribution Pvt Ltd,76,VS-585917-90,contact@oceanhandicrafts90.com,+65-196-238-320
91,Prime Machinery Import Corp,138,NS-225044-91,contact@primemachinery91.com,+82-422-201-323
92,Falcon Chemicals Imports Pte Ltd,156,GF-169080-92,contact@falconchemicals92.com,+66-518-469-253
93,Global Spices Import LLC,51,CT-631120-93,contact@globalspices93.com,+86-420-300-911
94,Falcon Machinery International Ltd,100,AM-969501-94,contact@falconmachinery94.com,+48-222-085-232
95,United Agro Foods Distribution Pvt Ltd,76,PM-809483-95,contact@unitedagro95.com,+31-857-347-767
96,Silver Footwear Distribution KK,85,HQ-288375-96,contact@silverfootwear96.com,+33-576-207-600
97,Apex Minerals Imports Ltd,139,EO-953009-97,contact@apexminerals97.com,+81-127-716-704
98,Alliance Chemicals Import Co Ltd,36,HA-270217-98,contact@alliancechemicals98.com,+27-358-255-384
99,Royal Spices Distribution Inc,32,GZ-715899-99,contact@royalspices99.com,+94-428-362-913
100,Apex Footwear International Inc,186,GR-937164-00,contact@apexfootwear100.com,+60-311-682-672
101,Crown Plastics Distribution Ltd,109,QJ-157972-01,contact@crownplastics101.com,+31-541-330-948
102,Western Seafood International Ltd,132,PM-370311-02,contact@westernseafood102.com,+61-709-424-248
103,Royal Automotive Parts Imports Ltd,177,GJ-947730-03,contact@royalautomotive103.com,+60-532-056-173
104,Global Rubber Products Import LLC,151,HF-812132-04,contact@globalrubber104.com,+39-598-218-538
105,National Chemicals Import Ltda,24,VY-605773-05,contact@nationalchemicals105.com,+90-024-101-941
106,Star Plastics Import Co Ltd,192,NO-656139-06,contact@starplastics106.com,+62-688-427-186
107,Vertex Furniture International Pty Ltd,9,QK-681400-07,contact@vertexfurniture107.com,+52-681-181-338
108,Prime Electrical Equipment Distribution Ltd,139,ML-350521-08,contact@primeelectrical108.com,+94-560-397-859
109,Ocean Consumer Goods Imports Ltd,73,LV-865076-09,contact@oceanconsumer109.com,+62-460-515-329
110,Eastern Plastics Trading OOO,143,FU-662175-10,contact@easternplastics110.com,+92-811-421-068
111,Golden Metals Trading SRL,82,TS-648129-11,contact@goldenmetals111.com,+48-117-092-067
112,Vertex Chemicals Distribution Sdn Bhd,103,OL-205766-12,contact@vertexchemicals112.com,+65-036-348-857
113,Summit Handicrafts Import Sdn Bhd,103,ID-492599-13,contact@summithandicrafts113.com,+62-444-551-083
114,Superior Spices Trading Ltd,80,RF-152308-14,contact@superiorspices114.com,+49-317-875-648
115,Apex Electronics International Ltd,87,KM-115786-15,contact@apexelectronics115.com,+86-487-625-198
116,Eastern Paper Products Import PT,77,VR-743748-16,contact@easternpaper116.com,+92-561-463-503
117,National Textiles Distribution Ltd,163,GR-866149-17,contact@nationaltextiles117.com,+1-993-773-806
118,Sun Leather Goods Distribution AG,169,VZ-373896-18,contact@sunleather118.com,+65-899-951-283
119,Meridian Chemicals Trading Corp,138,WA-783289-19,contact@meridianchemicals119.com,+62-193-613-175
120,Eastern Chemicals Import Ltd,139,RV-475454-20,contact@easternchemicals120.com,+94-111-163-452
121,Continental Cosmetics Imports Ltd,126,HZ-170319-21,contact@continentalcosmeti121.com,+27-797-392-568
122,Royal Cosmetics Distribution Ltd,139,CX-803188-22,contact@royalcosmetics122.com,+20-821-745-448
123,Apex Machinery Distribution Ltd,126,IX-185358-23,contact@apexmachinery123.com,+48-868-023-256
124,Western Seafood International Pte Ltd,156,EQ-788398-24,contact@westernseafood124.com,+66-290-859-825
125,Apex Pharma Import Ltd,185,NG-828609-25,contact@apexpharma125.com,+48-980-751-754
126,Sun Jewelry Imports Ltd,187,WC-384536-26,contact@sunjewelry126.com,+60-322-248-900
127,Horizon Building Materials International GmbH,64,RM-366058-27,contact@horizonbuilding127.com,+52-865-377-016
128,Continental Consumer Goods Imports LLC,51,QE-351644-28,contact@continentalconsume128.com,+34-191-950-950
129,Superior Minerals Import KK,85,SZ-662970-29,contact@superiorminerals129.com,+49-541-745-829
130,Silver Metals Import Co Ltd,173,OA-133512-30,contact@silvermetals130.com,+91-388-981-900
131,Universal Handicrafts Trading AS,179,VY-319963-31,contact@universalhandicraf131.com,+91-658-463-653
132,Apex Building Materials Trading Ltd,74,UV-256480-32,contact@apexbuilding132.com,+48-914-649-931
133,Elite Pharma Trading Ltd,12,UD-712533-33,contact@elitepharma133.com,+48-135-153-662
134,Superior Textiles Distribution SRL,82,WH-833963-34,contact@superiortextiles134.com,+234-646-308-806
135,Pacific Garments Trading Inc,32,OZ-689649-35,contact@pacificgarments135.com,+31-355-314-144
136,Alliance Electrical Equipment Imports Ltd,6,VI-745536-36,contact@allianceelectrical136.com,+31-140-421-162
137,Elite Footwear Imports Inc,32,SN-454581-37,contact@elitefootwear137.com,+234-475-859-827
138,Sun Spices Imports SA,17,SB-438088-38,contact@sunspices138.com,+55-464-782-676
139,Apex Electronics Trading Ltd,102,OZ-273409-39,contact@apexelectronics139.com,+90-890-572-221
140,Horizon Pharma Trading Pvt Ltd,76,UO-288367-40,contact@horizonpharma140.com,+94-128-736-345
141,Continental Cosmetics Distribution Ltd,119,JD-534427-41,contact@continentalcosmeti141.com,+39-198-166-556
142,National Spices Distribution PT,77,DC-281028-42,contact@nationalspices142.com,+91-321-622-646
143,Eastern Plastics Imports Ltd,18,YJ-672862-43,contact@easternplastics143.com,+27-826-743-888
144,Falcon Rubber Products International GmbH,64,RK-849916-44,contact@falconrubber144.com,+44-439-666-473
145,Summit Minerals Trading KK,85,BD-308870-45,contact@summitminerals145.com,+66-569-286-213
146,United Automotive Parts International BV,122,WO-107698-46,contact@unitedautomotive146.com,+66-908-781-575
147,Sun Jewelry International AG,169,PY-393426-47,contact@sunjewelry147.com,+966-150-395-270
148,Horizon Cosmetics Imports Ltd,185,DF-869287-48,contact@horizoncosmetics148.com,+86-550-476-557
149,Universal Petrochemicals International Ltd,107,GE-619195-49,contact@universalpetrochem149.com,+49-820-531-319
150,Royal Paper Products Imports Ltd,37,RG-167524-50,contact@royalpaper150.com,+91-544-796-376
151,Falcon Electrical Equipment Import Ltd,72,WM-909256-51,contact@falconelectrical151.com,+91-539-824-994
152,Star Paper Products International LLC,51,DC-875656-52,contact@starpaper152.com,+61-266-054-126
153,Universal Footwear Import Ltd,180,PE-676839-53,contact@universalfootwear153.com,+44-456-193-422
154,Ocean Cosmetics Import Ltd,41,FD-936056-54,contact@oceancosmetics154.com,+34-300-707-547
155,Trans Textiles Import PT,77,LL-331170-55,contact@transtextiles155.com,+90-835-004-396
156,Universal Furniture Distribution KK,85,YB-888993-56,contact@universalfurniture156.com,+20-301-491-835
157,Global Furniture Import Ltd,12,JW-741002-57,contact@globalfurniture157.com,+92-570-634-825
158,Continental Furniture Distribution Pty Ltd,161,SM-577486-58,contact@continentalfurnitu158.com,+20-056-287-830
159,Trans Electronics Distribution AS,179,HW-165238-59,contact@transelectronics159.com,+94-316-464-278
160,Universal Chemicals Import Pvt Ltd,76,PR-290551-60,contact@universalchemicals160.com,+20-514-109-709
161,Elite Paper Products Trading Ltd,139,FV-312931-61,contact@elitepaper161.com,+34-776-703-814
162,Meridian Electrical Equipment International Ltd,79,PH-110696-62,contact@meridianelectrical162.com,+94-219-212-593
163,Silver Paper Products Distribution AS,179,TU-756250-63,contact@silverpaper163.com,+82-221-490-720
164,Continental Building Materials International Pty Ltd,161,SK-486542-64,contact@continentalbuildin164.com,+92-190-253-494
165,Diamond Leather Goods Distribution Ltd,108,BB-372331-65,contact@diamondleather165.com,+65-531-740-935
166,Alliance Paper Products Imports Ltd,126,XP-744322-66,contact@alliancepaper166.com,+49-283-618-207
167,National Textiles Imports Pte Ltd,156,DV-883528-67,contact@nationaltextiles167.com,+48-321-539-821
168,National Handicrafts Trading Ltd,134,NU-694313-68,contact@nationalhandicraft168.com,+61-497-014-095
169,Continental Footwear Distribution KK,85,XA-951385-69,contact@continentalfootwea169.com,+33-600-247-058
170,Summit Electrical Equipment International Pvt Ltd,131,GX-305133-70,contact@summitelectrical170.com,+55-428-434-926
171,Ocean Metals Imports Ltd,1,CK-840467-71,contact@oceanmetals171.com,+971-377-706-048
172,Western Jewelry Imports Ltd,34,YC-466939-72,contact@westernjewelry172.com,+55-236-341-283
173,Universal Garments International Ltd,180,TL-941216-73,contact@universalgarments173.com,+60-296-157-280
174,Silver Paper Products Imports Ltd,185,FZ-405025-74,contact@silverpaper174.com,+234-350-721-977
175,Silver Chemicals Distribution SA,17,NT-641221-75,contact@silverchemicals175.com,+84-705-113-579
176,Superior Electronics Trading Ltd,67,AX-826517-76,contact@superiorelectronic176.com,+61-505-877-706
177,Star Agro Foods Import Ltd,175,KQ-480208-77,contact@staragro177.com,+966-543-331-541
178,Meridian Consumer Goods Imports KK,85,MT-371817-78,contact@meridianconsumer178.com,+20-477-350-442
179,Continental Building Materials Distribution Ltd,62,UZ-815579-79,contact@continentalbuildin179.com,+94-637-865-541
180,Trans Furniture International Pvt Ltd,76,BN-704328-80,contact@transfurniture180.com,+234-390-102-123
181,Star Paper Products Trading SRL,82,VH-462923-81,contact@starpaper181.com,+94-566-490-019
182,Atlas Cosmetics International AS,179,YQ-912659-82,contact@atlascosmetics182.com,+31-924-109-614
183,Universal Building Materials Import LLC,184,UJ-665958-83,contact@universalbuilding183.com,+49-180-631-456
184,Eastern Leather Goods Imports Pte Ltd,156,SU-463531-84,contact@easternleather184.com,+966-710-022-617
185,Phoenix Automotive Parts International Pte Ltd,156,ZN-985819-85,contact@phoenixautomotive185.com,+39-755-834-668
186,Crown Petrochemicals Trading AS,179,UR-706131-86,contact@crownpetrochemical186.com,+82-049-179-394
187,Golden Petrochemicals Imports Ltd,41,JI-642606-87,contact@goldenpetrochemica187.com,+66-323-527-215
188,Royal Leather Goods Import Ltd,155,PG-787696-88,contact@royalleather188.com,+55-112-914-558
189,Royal Furniture Trading Ltd,172,ZN-184514-89,contact@royalfurniture189.com,+20-753-632-381
190,Superior Electrical Equipment Distribution SA de CV,110,QZ-752462-90,contact@superiorelectrical190.com,+92-471-931-503
191,United Agro Foods Import Ltd,134,NQ-734253-91,contact@unitedagro191.com,+82-613-626-739
192,Western Seafood Trading Ltd,194,SQ-370164-92,contact@westernseafood192.com,+84-446-571-052
193,Silver Textiles Trading Ltd,191,EP-991040-93,contact@silvertextiles193.com,+234-528-788-830
194,Prime Automotive Parts International Ltd,154,HT-613860-94,contact@primeautomotive194.com,+52-203-795-271
195,Western Minerals Import Ltd,18,XB-707586-95,contact@westernminerals195.com,+92-802-313-209
196,Superior Garments Import SRL,82,KM-791288-96,contact@superiorgarments196.com,+62-600-188-225
197,Vertex Cosmetics Imports Ltd,170,SE-811236-97,contact@vertexcosmetics197.com,+91-841-359-122
198,Phoenix Agro Foods Trading Ltd,20,VQ-511464-98,contact@phoenixagro198.com,+84-625-680-367
199,Sun Garments Imports Co Ltd,173,EY-623218-99,contact@sungarments199.com,+31-131-880-178
200,Global Footwear Trading Ltd,58,ZH-538488-00,contact@globalfootwear200.com,+94-524-302-614
201,Eastern Footwear Trading Ltd,37,XU-103242-01,contact@easternfootwear201.com,+65-711-339-160
202,Pacific Garments Trading Ltd,30,XJ-531072-02,contact@pacificgarments202.com,+81-680-077-830
203,Summit Spices Imports Ltd,152,YC-854547-03,contact@summitspices203.com,+92-066-860-160
204,Star Metals Trading Ltd,153,FS-241502-04,contact@starmetals204.com,+90-611-176-943
205,Silver Jewelry Imports Ltd,44,FQ-644116-05,contact@silverjewelry205.com,+1-434-327-673
206,Star Furniture International Ltd,33,MY-606279-06,contact@starfurniture206.com,+55-219-148-201
207,Horizon Metals International Co Ltd,162,LL-342688-07,contact@horizonmetals207.com,+66-615-626-986
208,Eastern Consumer Goods Imports Ltd,87,DQ-589802-08,contact@easternconsumer208.com,+971-488-299-828
209,Atlas Agro Foods Import Ltd,133,PX-994075-09,contact@atlasagro209.com,+92-759-451-743
210,Pioneer Chemicals Import Inc,186,ZK-966426-10,contact@pioneerchemicals210.com,+81-566-828-571
211,Apex Petrochemicals Import LLC,151,RT-720425-11,contact@apexpetrochemicals211.com,+33-900-687-324
212,Summit Furniture Imports Co Ltd,173,OF-200298-12,contact@summitfurniture212.com,+94-444-865-237
213,Global Electronics Trading Ltd,101,EG-619407-13,contact@globalelectronics213.com,+92-837-433-394
214,Vertex Textiles Distribution Ltd,139,NF-947949-14,contact@vertextextiles214.com,+49-375-491-897
215,Atlas Textiles International Pvt Ltd,76,DW-643594-15,contact@atlastextiles215.com,+66-197-523-638
216,Sun Spices Distribution Ltd,127,GD-419972-16,contact@sunspices216.com,+39-931-173-256
217,Atlas Petrochemicals Trading Ltd,126,SJ-992859-17,contact@atlaspetrochemical217.com,+234-128-602-970
218,Atlas Textiles International Pty Ltd,161,RT-239302-18,contact@atlastextiles218.com,+880-739-552-320
219,Trans Paper Products Import KK,85,LC-556549-19,contact@transpaper219.com,+49-067-819-074
220,Golden Minerals Trading Pty Ltd,9,XZ-969664-20,contact@goldenminerals220.com,+33-281-107-301
221,Global Machinery Distribution AS,179,HX-522242-21,contact@globalmachinery221.com,+1-078-084-493
222,Phoenix Agro Foods International SRL,82,LP-441504-22,contact@phoenixagro222.com,+966-347-821-374
223,Continental Footwear Trading SA,17,YZ-283886-23,contact@continentalfootwea223.com,+92-065-118-278
224,Royal Leather Goods International Pvt Ltd,131,PP-796644-24,contact@royalleather224.com,+92-350-098-378
225,Continental Electrical Equipment Imports Ltd,168,UG-466211-25,contact@continentalelectri225.com,+86-385-097-581
226,Eastern Minerals International Sdn Bhd,103,YZ-605838-26,contact@easternminerals226.com,+90-890-453-365
227,National Footwear Import Inc,32,YK-641466-27,contact@nationalfootwear227.com,+52-520-792-305
228,Universal Building Materials International Ltd,144,ZE-492273-28,contact@universalbuilding228.com,+61-539-042-363
229,Vertex Handicrafts Import Ltd,182,EM-805548-29,contact@vertexhandicrafts229.com,+31-772-313-371
230,United Seafood International Pty Ltd,161,WD-457034-30,contact@unitedseafood230.com,+90-069-380-608
231,Atlas Agro Foods Imports Ltd,185,FN-925668-31,contact@atlasagro231.com,+48-516-850-586
232,Royal Consumer Goods Distribution Ltd,3,PG-622489-32,contact@royalconsumer232.com,+49-411-116-596
233,Falcon Building Materials Distribution SA de CV,110,RU-961659-33,contact@falconbuilding233.com,+27-251-944-086
234,Phoenix Machinery Import Ltd,86,HW-810907-34,contact@phoenixmachinery234.com,+966-476-994-727
235,Western Leather Goods Trading Ltd,126,LY-308068-35,contact@westernleather235.com,+82-642-555-299
236,Global Leather Goods Distribution Ltd,57,HL-358255-36,contact@globalleather236.com,+84-661-782-582
237,Pioneer Automotive Parts Distribution Ltd,185,EI-252831-37,contact@pioneerautomotive237.com,+55-264-285-625
238,Pioneer Consumer Goods Imports Ltd,59,JA-954961-38,contact@pioneerconsumer238.com,+48-948-689-171
239,Elite Furniture International Inc,186,XU-630414-39,contact@elitefurniture239.com,+92-527-720-846
240,Universal Seafood International Ltd,97,KE-727623-40,contact@universalseafood240.com,+66-711-378-889
241,Continental Electrical Equipment Import Ltd,109,VO-812033-41,contact@continentalelectri241.com,+33-687-275-276
242,Pacific Building Materials Trading Ltd,16,GY-313390-42,contact@pacificbuilding242.com,+880-290-076-501
243,Western Footwear Trading AS,179,LL-886938-43,contact@westernfootwear243.com,+90-267-472-443
244,Apex Leather Goods Import GmbH,10,BX-302176-44,contact@apexleather244.com,+44-432-258-163
245,Vertex Metals Trading SA,17,VC-111740-45,contact@vertexmetals245.com,+81-468-823-976
246,Atlas Leather Goods Distribution AS,179,WO-203567-46,contact@atlasleather246.com,+81-270-831-177
247,Horizon Chemicals Distribution Ltd,5,JX-893894-47,contact@horizonchemicals247.com,+966-430-257-618
248,Royal Pharma Trading Ltd,130,GX-181842-48,contact@royalpharma248.com,+55-451-009-317
249,Silver Textiles Import Pty Ltd,9,YV-815523-49,contact@silvertextiles249.com,+31-568-266-540
250,Vertex Minerals Trading Ltd,5,NA-557659-50,contact@vertexminerals250.com,+86-535-163-786
251,Star Machinery Import Ltd,12,UQ-792369-51,contact@starmachinery251.com,+84-356-777-124
252,Star Building Materials Imports Sdn Bhd,103,VI-459564-52,contact@starbuilding252.com,+1-262-230-519
253,Crown Furniture Distribution BV,122,ZT-447915-53,contact@crownfurniture253.com,+82-339-075-978
254,Royal Minerals Trading Ltd,121,LZ-265042-54,contact@royalminerals254.com,+1-396-315-243
255,Phoenix Metals International Ltd,49,ID-120694-55,contact@phoenixmetals255.com,+966-717-927-553
256,Sun Chemicals Trading BV,122,NZ-761176-56,contact@sunchemicals256.com,+39-437-458-671
257,Golden Cosmetics Import LLC,51,CV-654700-57,contact@goldencosmetics257.com,+94-053-153-636
258,Superior Leather Goods Import Ltd,33,NV-388347-58,contact@superiorleather258.com,+66-586-966-340
259,Prime Metals Import LLC,184,NM-823580-59,contact@primemetals259.com,+86-214-545-354
260,United Jewelry Distribution Ltd,124,OY-690607-60,contact@unitedjewelry260.com,+81-791-622-310
261,Horizon Electronics Distribution SA de CV,110,IW-609806-61,contact@horizonelectronics261.com,+48-939-300-799
262,Superior Minerals Distribution Ltd,142,PX-641367-62,contact@superiorminerals262.com,+48-495-258-849
263,Royal Plastics Distribution Ltd,90,AI-959882-63,contact@royalplastics263.com,+48-237-368-076
264,Eastern Machinery Trading Co Ltd,173,SB-592188-64,contact@easternmachinery264.com,+31-523-891-440
265,Atlas Garments Distribution Pvt Ltd,131,RR-989029-65,contact@atlasgarments265.com,+66-813-779-958
266,Royal Footwear Import Ltd,132,OO-220256-66,contact@royalfootwear266.com,+31-898-034-598
267,Elite Footwear Trading Co Ltd,162,RW-300056-67,contact@elitefootwear267.com,+61-031-606-864
268,Star Furniture Import Ltd,134,SV-806499-68,contact@starfurniture268.com,+62-248-829-773
269,Royal Furniture Imports SA,17,CZ-632560-69,contact@royalfurniture269.com,+60-302-176-780
270,Silver Cosmetics International SL,164,KB-269862-70,contact@silvercosmetics270.com,+61-668-760-679
271,Diamond Agro Foods Distribution Pvt Ltd,14,HA-766789-71,contact@diamondagro271.com,+65-943-238-315
272,Pacific Chemicals Import Pte Ltd,156,FS-842867-72,contact@pacificchemicals272.com,+1-553-127-966
273,Summit Furniture Trading Ltd,5,FX-642577-73,contact@summitfurniture273.com,+971-937-910-382
274,National Cosmetics International Inc,32,LX-107731-74,contact@nationalcosmetics274.com,+86-263-016-105
275,Trans Seafood Trading Ltd,125,XO-832197-75,contact@transseafood275.com,+60-940-585-489
276,Elite Cosmetics International Pvt Ltd,131,IC-483807-76,contact@elitecosmetics276.com,+86-288-969-474
277,Global Metals Import BV,122,ZZ-129987-77,contact@globalmetals277.com,+880-623-715-173
278,Pacific Pharma Distribution Ltd,139,HP-794321-78,contact@pacificpharma278.com,+1-191-072-389
279,United Machinery Imports Ltd,119,CW-354083-79,contact@unitedmachinery279.com,+66-853-234-194
280,Phoenix Leather Goods Import Ltd,188,MV-300862-80,contact@phoenixleather280.com,+44-818-097-360
281,Diamond Rubber Products Trading Ltd,130,RM-444426-81,contact@diamondrubber281.com,+49-284-365-066
282,Eastern Leather Goods Trading Ltd,177,MK-605859-82,contact@easternleather282.com,+48-427-998-578
283,Trans Rubber Products International Ltd,26,CY-374652-83,contact@transrubber283.com,+55-999-295-316
284,Silver Cosmetics Distribution BV,122,FP-623279-84,contact@silvercosmetics284.com,+49-842-737-586
285,United Cosmetics Trading Ltd,129,ME-193347-85,contact@unitedcosmetics285.com,+234-941-547-894
286,Diamond Electrical Equipment Import Pte Ltd,156,AF-989592-86,contact@diamondelectrical286.com,+82-797-030-651
287,Pioneer Seafood Imports Ltd,125,PU-978369-87,contact@pioneerseafood287.com,+971-747-087-994
288,Star Rubber Products Import Ltd,87,LM-238727-88,contact@starrubber288.com,+62-397-895-257
289,Diamond Agro Foods Trading Inc,32,LD-828226-89,contact@diamondagro289.com,+61-353-209-348
290,Pioneer Leather Goods Import Ltd,132,TS-296275-90,contact@pioneerleather290.com,+82-379-742-788
291,Crown Minerals Import Ltd,39,SR-749343-91,contact@crownminerals291.com,+31-798-723-230
292,Trans Jewelry Trading Ltd,95,XN-293972-92,contact@transjewelry292.com,+34-849-117-750
293,Phoenix Consumer Goods Distribution Pte Ltd,156,OH-836650-93,contact@phoenixconsumer293.com,+49-658-007-134
294,Star Spices Distribution Co Ltd,173,XK-512874-94,contact@starspices294.com,+84-343-188-672
295,Superior Leather Goods Distribution Ltd,62,OA-395887-95,contact@superiorleather295.com,+966-044-121-989
296,Atlas Electrical Equipment Import Co Ltd,192,RI-276183-96,contact@atlaselectrical296.com,+39-792-916-410
297,Prime Minerals Distribution SA,17,CC-763345-97,contact@primeminerals297.com,+66-371-295-894
298,Horizon Paper Products Imports PT,77,CE-437285-98,contact@horizonpaper298.com,+44-262-775-694
299,United Machinery International Co Ltd,36,MP-110198-99,contact@unitedmachinery299.com,+966-430-461-454
300,Trans Leather Goods Distribution Inc,186,KP-761906-00,contact@transleather300.com,+52-409-791-619
301,Trans Agro Foods International Co Ltd,173,CM-984871-01,contact@transagro301.com,+234-583-668-876
302,Diamond Spices Imports Ltd,139,EM-354881-02,contact@diamondspices302.com,+880-092-281-949
303,Elite Jewelry International KK,85,BU-612126-03,contact@elitejewelry303.com,+61-356-627-355
304,Ocean Chemicals Trading Pvt Ltd,131,AR-611382-04,contact@oceanchemicals304.com,+880-752-314-637
305,Meridian Cosmetics Imports Ltd,149,NG-445173-05,contact@meridiancosmetics305.com,+34-355-464-779
306,National Machinery Distribution Ltd,163,SU-716209-06,contact@nationalmachinery306.com,+60-288-784-166
307,Royal Cosmetics International SRL,82,XS-255046-07,contact@royalcosmetics307.com,+65-476-821-210
308,Phoenix Handicrafts International Ltd,41,LB-608510-08,contact@phoenixhandicrafts308.com,+27-185-109-147
309,Superior Jewelry Distribution Ltd,170,DD-286141-09,contact@superiorjewelry309.com,+55-193-797-126
310,Ocean Minerals Trading PT,77,OQ-383542-10,contact@oceanminerals310.com,+234-294-894-847
311,Diamond Electrical Equipment Trading LLC,184,FU-483371-11,contact@diamondelectrical311.com,+27-085-040-085
312,Prime Plastics Imports LLC,184,YJ-429475-12,contact@primeplastics312.com,+49-108-804-475
313,Star Automotive Parts Trading Inc,186,LW-844068-13,contact@starautomotive313.com,+27-882-829-472
314,Eastern Furniture Distribution Ltd,137,RU-123278-14,contact@easternfurniture314.com,+94-197-551-523
315,Falcon Seafood International SL,164,VG-600017-15,contact@falconseafood315.com,+86-039-798-652
316,Summit Building Materials Trading Ltd,183,NF-743565-16,contact@summitbuilding316.com,+91-588-239-041
317,Meridian Paper Products Trading OOO,143,TR-554884-17,contact@meridianpaper317.com,+94-235-632-723
318,National Chemicals Trading AS,179,DF-176570-18,contact@nationalchemicals318.com,+971-318-680-470
319,Sun Seafood International Ltd,139,QC-550906-19,contact@sunseafood319.com,+92-515-553-124
320,Continental Consumer Goods Trading Ltd,180,JJ-758338-20,contact@continentalconsume320.com,+49-532-452-554
321,National Petrochemicals International LLC,51,YL-988650-21,contact@nationalpetrochemi321.com,+86-507-183-484
322,Pacific Paper Products International Ltd,99,FL-713265-22,contact@pacificpaper322.com,+81-197-775-234
323,Elite Rubber Products Import GmbH,64,OL-767670-23,contact@eliterubber323.com,+27-384-573-537
324,Golden Cosmetics Distribution AG,169,GA-423242-24,contact@goldencosmetics324.com,+84-695-514-670
325,National Petrochemicals Imports AG,169,TO-576223-25,contact@nationalpetrochemi325.com,+48-076-780-385
326,Continental Building Materials Imports Ltd,97,ZK-367881-26,contact@continentalbuildin326.com,+20-373-030-731
327,Diamond Cosmetics Imports Pvt Ltd,131,HI-155741-27,contact@diamondcosmetics327.com,+234-431-536-088
328,Royal Paper Products Import Co Ltd,36,RH-943031-28,contact@royalpaper328.com,+94-717-899-445
329,Western Metals Imports LLC,184,WQ-216185-29,contact@westernmetals329.com,+91-046-314-696
330,Continental Electrical Equipment Distribution Ltd,183,FE-801998-30,contact@continentalelectri330.com,+55-256-682-708
331,Vertex Handicrafts International Inc,32,PH-649819-31,contact@vertexhandicrafts331.com,+20-128-809-971
332,Silver Jewelry International SA de CV,110,UU-176636-32,contact@silverjewelry332.com,+39-553-778-663
333,Meridian Electronics Import SRL,82,VH-948643-33,contact@meridianelectronic333.com,+44-051-348-470
334,Apex Garments Imports Co Ltd,36,RZ-543325-34,contact@apexgarments334.com,+82-368-549-047
335,Prime Pharma Distribution Ltd,172,UN-735370-35,contact@primepharma335.com,+81-129-081-478
336,Golden Rubber Products Trading Ltd,38,NF-661448-36,contact@goldenrubber336.com,+971-544-041-097
337,Diamond Paper Products Trading Ltd,171,NH-830540-37,contact@diamondpaper337.com,+49-954-014-935
338,Ocean Agro Foods Distribution Ltd,157,VN-232640-38,contact@oceanagro338.com,+31-555-685-825
339,Summit Paper Products Imports SL,164,MI-846084-39,contact@summitpaper339.com,+62-338-456-248
340,United Automotive Parts Import Ltd,97,GZ-873750-40,contact@unitedautomotive340.com,+44-908-442-294
341,Phoenix Chemicals International Ltd,190,DD-518968-41,contact@phoenixchemicals341.com,+971-425-856-488
342,Phoenix Petrochemicals Imports Ltd,2,TY-265379-42,contact@phoenixpetrochemic342.com,+20-508-315-524
343,Star Spices Distribution Ltd,185,YV-625944-43,contact@starspices343.com,+880-942-464-726
344,Golden Furniture Import Ltd,132,YN-529160-44,contact@goldenfurniture344.com,+94-601-928-727
345,Sun Furniture Imports Ltd,53,OW-292220-45,contact@sunfurniture345.com,+48-114-701-176
346,Falcon Jewelry Import Ltd,152,YL-604422-46,contact@falconjewelry346.com,+20-516-498-768
347,Diamond Pharma Imports Ltd,75,EF-636805-47,contact@diamondpharma347.com,+49-078-538-789
348,Meridian Plastics Import SA de CV,110,BS-175617-48,contact@meridianplastics348.com,+62-136-326-647
349,National Seafood Imports Ltd,34,KU-223271-49,contact@nationalseafood349.com,+234-946-824-991
350,Global Rubber Products Trading Ltd,91,TL-344004-50,contact@globalrubber350.com,+31-017-003-040
351,Summit Garments International Ltd,91,VQ-160901-51,contact@summitgarments351.com,+65-427-478-962
352,Silver Minerals Distribution Ltd,28,ZC-264914-52,contact@silverminerals352.com,+94-605-628-780
353,Continental Pharma Distribution SA,17,CG-630532-53,contact@continentalpharma353.com,+966-424-935-129
354,National Electronics International Pvt Ltd,131,CE-591186-54,contact@nationalelectronic354.com,+880-381-575-504
355,Phoenix Automotive Parts International LLC,51,VO-976360-55,contact@phoenixautomotive355.com,+65-746-966-288
356,National Leather Goods Trading Ltd,172,OY-804691-56,contact@nationalleather356.com,+880-970-353-085
357,National Chemicals International Ltd,180,KK-921999-57,contact@nationalchemicals357.com,+1-240-906-143
358,Atlas Pharma Trading Co Ltd,162,ZC-680221-58,contact@atlaspharma358.com,+880-447-635-657
359,Sun Cosmetics Import Ltd,43,XN-946241-59,contact@suncosmetics359.com,+971-019-327-469
360,Western Building Materials Import Ltd,132,NM-406782-60,contact@westernbuilding360.com,+82-658-988-480
361,Silver Building Materials Distribution AG,169,HX-958090-61,contact@silverbuilding361.com,+33-533-033-192
362,Superior Chemicals Import Ltd,97,UU-878354-62,contact@superiorchemicals362.com,+48-585-305-119
363,United Paper Products International Ltd,102,FJ-876178-63,contact@unitedpaper363.com,+34-796-361-868
364,Meridian Plastics International Pvt Ltd,14,IB-865074-64,contact@meridianplastics364.com,+27-904-467-279
365,Vertex Furniture International LLC,51,AB-131725-65,contact@vertexfurniture365.com,+48-795-094-852
366,Pacific Metals Imports AS,179,QY-807404-66,contact@pacificmetals366.com,+84-989-381-901
367,National Textiles Import BV,122,NH-671176-67,contact@nationaltextiles367.com,+91-497-864-004
368,National Plastics Distribution SA,17,RO-532388-68,contact@nationalplastics368.com,+82-068-925-688
369,Sun Leather Goods International Ltd,102,XQ-691381-69,contact@sunleather369.com,+92-978-846-565
370,Star Seafood Trading Ltd,99,DW-824706-70,contact@starseafood370.com,+52-878-989-221
371,Continental Handicrafts Trading Ltd,106,FK-207510-71,contact@continentalhandicr371.com,+62-334-552-773
372,Summit Textiles Trading Pte Ltd,156,OK-342593-72,contact@summittextiles372.com,+65-803-575-306
373,Universal Electrical Equipment Imports Corp,138,FO-242267-73,contact@universalelectrica373.com,+971-791-947-393
374,Universal Footwear Imports SA de CV,110,WY-752074-74,contact@universalfootwear374.com,+61-301-812-293
375,Crown Rubber Products Imports Corp,138,BX-343613-75,contact@crownrubber375.com,+33-003-623-473
376,Phoenix Furniture Trading Ltd,65,NX-267357-76,contact@phoenixfurniture376.com,+65-175-873-846
377,Elite Leather Goods Imports SARL,60,ZC-735021-77,contact@eliteleather377.com,+27-332-999-548
378,United Agro Foods Imports Pty Ltd,161,XL-319228-78,contact@unitedagro378.com,+82-916-366-251
379,Silver Machinery Imports SL,164,PQ-939102-79,contact@silvermachinery379.com,+52-698-693-387
380,Global Plastics Trading LLC,51,VE-483987-80,contact@globalplastics380.com,+48-181-679-972
381,Vertex Agro Foods Distribution Corp,138,FF-538623-81,contact@vertexagro381.com,+84-390-004-493
382,Falcon Seafood Trading Co Ltd,192,FK-586204-82,contact@falconseafood382.com,+82-454-277-947
383,Phoenix Seafood Imports Ltd,88,SI-133470-83,contact@phoenixseafood383.com,+31-980-203-129
384,Summit Agro Foods Imports GmbH,64,HS-379794-84,contact@summitagro384.com,+31-162-941-767
385,Golden Jewelry Import SRL,82,TO-594569-85,contact@goldenjewelry385.com,+91-649-134-675
386,Atlas Consumer Goods Import Ltd,185,UJ-996718-86,contact@atlasconsumer386.com,+66-593-550-706
387,Falcon Spices International SA,17,VV-875425-87,contact@falconspices387.com,+60-712-667-304
388,Sun Furniture International Ltd,155,SB-944359-88,contact@sunfurniture388.com,+55-691-402-167
389,Elite Seafood Distribution Co Ltd,36,PB-951932-89,contact@eliteseafood389.com,+966-292-724-205
390,Atlas Pharma Trading PT,77,GZ-758320-90,contact@atlaspharma390.com,+94-398-017-895
391,Alliance Consumer Goods Trading Ltd,27,HA-901085-91,contact@allianceconsumer391.com,+81-666-134-056
392,Pioneer Building Materials Trading Ltd,172,WH-209028-92,contact@pioneerbuilding392.com,+971-160-251-169
393,Apex Building Materials International Ltd,96,YO-260481-93,contact@apexbuilding393.com,+94-594-081-435
394,Pioneer Automotive Parts Trading Corp,138,XL-427683-94,contact@pioneerautomotive394.com,+65-276-039-026
395,Star Agro Foods Imports GmbH,10,CG-738675-95,contact@staragro395.com,+94-015-321-381
396,National Machinery Trading Ltd,168,TP-548187-96,contact@nationalmachinery396.com,+966-451-708-505
397,Vertex Electronics Import Ltd,118,QR-301915-97,contact@vertexelectronics397.com,+82-460-916-568
398,Silver Consumer Goods Trading Corp,138,VO-652274-98,contact@silverconsumer398.com,+92-911-245-857
399,Crown Minerals Distribution SA de CV,110,SL-223401-99,contact@crownminerals399.com,+94-897-684-335
400,Crown Handicrafts Imports Co Ltd,162,PS-224089-00,contact@crownhandicrafts400.com,+234-192-140-201
401,Summit Minerals Import Pty Ltd,9,BI-589788-01,contact@summitminerals401.com,+49-070-916-680
402,Prime Cosmetics Distribution Ltd,42,DR-593081-02,contact@primecosmetics402.com,+1-316-771-862
403,Superior Building Materials Import Ltd,150,XY-656475-03,contact@superiorbuilding403.com,+94-311-834-362
404,Ocean Plastics Import Ltd,178,FF-466670-04,contact@oceanplastics404.com,+55-561-723-944
405,Pacific Textiles Import SA,17,SD-158558-05,contact@pacifictextiles405.com,+91-222-211-583
406,Crown Spices Trading BV,122,MW-708733-06,contact@crownspices406.com,+234-117-042-764
407,Crown Plastics International Inc,32,CP-625839-07,contact@crownplastics407.com,+49-141-723-171
408,Superior Jewelry Import Ltd,3,UH-783275-08,contact@superiorjewelry408.com,+82-421-794-083
409,Prime Furniture Distribution GmbH,64,BX-278269-09,contact@primefurniture409.com,+44-144-727-889
410,National Pharma Distribution Co Ltd,192,CZ-260227-10,contact@nationalpharma410.com,+33-286-864-260
411,Continental Jewelry Import Ltd,163,MU-694098-11,contact@continentaljewelry411.com,+90-308-526-906
412,Meridian Furniture Imports Ltd,125,OA-280919-12,contact@meridianfurniture412.com,+31-227-227-250
413,Continental Machinery Imports Ltd,126,SK-199147-13,contact@continentalmachine413.com,+20-633-394-532
414,Summit Chemicals International Ltd,185,QP-402598-14,contact@summitchemicals414.com,+66-909-075-787
415,Superior Consumer Goods Import SA de CV,110,DA-648312-15,contact@superiorconsumer415.com,+971-032-942-612
416,Trans Automotive Parts Trading AG,169,DY-540861-16,contact@transautomotive416.com,+94-670-589-648
417,Ocean Metals Distribution LLC,51,NQ-741040-17,contact@oceanmetals417.com,+39-253-129-213
418,Royal Spices Imports Ltd,180,YL-600913-18,contact@royalspices418.com,+49-971-152-667
419,Diamond Minerals Trading Ltd,33,ST-633152-19,contact@diamondminerals419.com,+86-864-445-338
420,Trans Garments International GmbH,64,WC-120887-20,contact@transgarments420.com,+84-493-282-638
421,Phoenix Metals Distribution Pte Ltd,156,DW-130453-21,contact@phoenixmetals421.com,+91-514-112-886
422,Vertex Petrochemicals Distribution Ltd,126,PI-559825-22,contact@vertexpetrochemica422.com,+55-646-494-636
423,Crown Leather Goods Imports Ltd,63,AF-294692-23,contact@crownleather423.com,+20-319-733-151
424,Ocean Building Materials Imports SA,17,YF-360013-24,contact@oceanbuilding424.com,+84-068-214-001
425,Global Furniture Distribution Ltd,153,JV-899953-25,contact@globalfurniture425.com,+82-727-402-334
426,Universal Seafood Import Ltd,160,ZA-195282-26,contact@universalseafood426.com,+33-283-208-947
427,Western Electrical Equipment Import Ltd,130,LK-667152-27,contact@westernelectrical427.com,+966-619-117-493
428,United Furniture Trading PT,77,GI-499878-28,contact@unitedfurniture428.com,+84-461-774-259
429,Crown Machinery Import Ltd,128,CF-225215-29,contact@crownmachinery429.com,+1-166-384-560
430,Superior Footwear International LLC,51,ZT-927003-30,contact@superiorfootwear430.com,+91-500-927-748
431,Silver Spices International Co Ltd,173,KG-164852-31,contact@silverspices431.com,+33-826-231-549
432,United Electrical Equipment Imports Co Ltd,162,CT-882930-32,contact@unitedelectrical432.com,+60-211-546-445
433,Star Machinery Distribution Ltd,114,NI-766755-33,contact@starmachinery433.com,+84-269-865-149
434,National Paper Products Import AG,169,BK-495311-34,contact@nationalpaper434.com,+971-749-277-207
435,Vertex Garments Trading Ltd,58,YP-959182-35,contact@vertexgarments435.com,+20-994-758-026
436,Superior Leather Goods International Ltd,79,ZM-584770-36,contact@superiorleather436.com,+52-373-363-535
437,Eastern Furniture International Ltd,144,QE-918578-37,contact@easternfurniture437.com,+60-215-989-510
438,Apex Cosmetics Trading Ltd,139,JP-257495-38,contact@apexcosmetics438.com,+65-392-703-840
439,Atlas Spices Import SRL,82,JP-173188-39,contact@atlasspices439.com,+880-619-047-924
440,Global Furniture Imports Ltd,158,EN-417787-40,contact@globalfurniture440.com,+55-096-520-149
441,Trans Electrical Equipment Trading Co Ltd,192,DO-149440-41,contact@transelectrical441.com,+90-460-672-992
442,Golden Garments Distribution KK,85,WP-749367-42,contact@goldengarments442.com,+94-223-154-594
443,United Rubber Products International Pte Ltd,156,ZB-190263-43,contact@unitedrubber443.com,+66-332-625-223
444,Golden Textiles International Ltd,190,XE-740645-44,contact@goldentextiles444.com,+1-530-251-362
445,Alliance Electronics International LLC,151,VC-451282-45,contact@allianceelectronic445.com,+86-306-412-658
446,Trans Automotive Parts International Pty Ltd,161,LI-408613-46,contact@transautomotive446.com,+1-116-948-364
447,Silver Machinery Trading SRL,82,IN-196697-47,contact@silvermachinery447.com,+234-012-842-549
448,Star Building Materials Distribution Ltd,183,RI-741826-48,contact@starbuilding448.com,+1-096-078-692
449,Alliance Furniture International Ltd,94,YS-170657-49,contact@alliancefurniture449.com,+92-739-186-530
450,Falcon Cosmetics International SRL,82,PT-852347-50,contact@falconcosmetics450.com,+94-009-315-156
451,Pioneer Electrical Equipment Import PT,77,EJ-890013-51,contact@pioneerelectrical451.com,+86-105-806-025
452,Summit Chemicals Import Ltd,126,WH-591626-52,contact@summitchemicals452.com,+52-792-693-050
453,Summit Paper Products Trading Ltd,106,SM-703805-53,contact@summitpaper453.com,+33-066-065-177
454,Elite Minerals Import Ltd,89,GT-835727-54,contact@eliteminerals454.com,+33-621-689-863
455,Trans Petrochemicals Trading SARL,60,RH-117847-55,contact@transpetrochemical455.com,+61-342-427-839
456,Western Textiles Distribution Ltd,91,AL-492846-56,contact@westerntextiles456.com,+39-731-999-709
457,Star Cosmetics International Ltd,22,YF-651656-57,contact@starcosmetics457.com,+27-383-196-494
458,Pacific Machinery Import Ltd,86,XU-951666-58,contact@pacificmachinery458.com,+39-084-152-438
459,Golden Footwear Imports Ltd,37,CD-574538-59,contact@goldenfootwear459.com,+91-746-645-066
460,Crown Handicrafts Trading GmbH,64,AM-518286-60,contact@crownhandicrafts460.com,+82-755-933-696
461,Golden Electrical Equipment Imports AS,179,WZ-434412-61,contact@goldenelectrical461.com,+82-808-530-649
462,Universal Textiles International BV,122,ZE-914286-62,contact@universaltextiles462.com,+234-397-084-138
463,Vertex Leather Goods Distribution Ltd,134,VZ-702967-63,contact@vertexleather463.com,+48-391-921-340
464,Atlas Handicrafts International Ltd,141,MA-903185-64,contact@atlashandicrafts464.com,+94-633-299-783
465,Apex Spices Distribution Ltd,31,DL-963349-65,contact@apexspices465.com,+31-312-870-584
466,Continental Leather Goods International Ltd,127,RI-790188-66,contact@continentalleather466.com,+81-265-773-289
467,Royal Seafood International Corp,138,FI-242302-67,contact@royalseafood467.com,+60-870-283-370
468,Superior Consumer Goods International Sdn Bhd,103,CN-808670-68,contact@superiorconsumer468.com,+60-124-169-420
469,Prime Jewelry Distribution LLC,51,SB-985135-69,contact@primejewelry469.com,+27-981-330-824
470,Superior Handicrafts International Ltd,190,XZ-186590-70,contact@superiorhandicraft470.com,+65-841-917-131
471,Pioneer Plastics Trading Pty Ltd,9,HP-947647-71,contact@pioneerplastics471.com,+90-931-027-334
472,Summit Garments Import Ltd,136,WA-292203-72,contact@summitgarments472.com,+94-793-568-433
473,Universal Machinery International Co Ltd,173,VA-436337-73,contact@universalmachinery473.com,+82-354-812-647
474,Apex Garments Distribution AS,179,FL-543842-74,contact@apexgarments474.com,+44-487-388-109
475,Continental Minerals Distribution GmbH,64,QV-720050-75,contact@continentalmineral475.com,+94-956-558-440
476,Western Electronics International Ltd,61,VW-786639-76,contact@westernelectronics476.com,+90-442-192-184
477,National Building Materials Import OOO,143,GG-811612-77,contact@nationalbuilding477.com,+82-165-245-708
478,Ocean Spices International Ltd,139,XO-988518-78,contact@oceanspices478.com,+49-724-148-321
479,Prime Footwear Trading Pvt Ltd,14,CA-313395-79,contact@primefootwear479.com,+90-563-152-089
480,Royal Electrical Equipment Import BV,122,OZ-591858-80,contact@royalelectrical480.com,+234-583-023-418
481,Vertex Consumer Goods Imports Ltd,46,YC-832251-81,contact@vertexconsumer481.com,+81-746-665-178
482,Sun Machinery Distribution Ltd,106,XE-428189-82,contact@sunmachinery482.com,+90-355-169-147
483,Sun Building Materials Distribution LLC,51,YL-971213-83,contact@sunbuilding483.com,+234-055-487-847
484,Western Chemicals International Ltd,147,HN-341123-84,contact@westernchemicals484.com,+55-501-706-545
485,Superior Petrochemicals Distribution Ltd,176,QG-401779-85,contact@superiorpetrochemi485.com,+880-218-997-275
486,Ocean Jewelry Import KK,85,RM-306363-86,contact@oceanjewelry486.com,+31-779-333-297
487,National Metals Trading AG,169,GN-502408-87,contact@nationalmetals487.com,+880-187-086-654
488,Crown Minerals Import OOO,143,XG-283623-88,contact@crownminerals488.com,+39-266-366-399
489,Falcon Garments Distribution Ltd,27,PS-319977-89,contact@falcongarments489.com,+55-502-645-020
490,Eastern Footwear International LLC,151,TF-902790-90,contact@easternfootwear490.com,+94-450-779-208
491,Sun Handicrafts Trading Ltd,11,XG-777848-91,contact@sunhandicrafts491.com,+1-143-108-205
492,National Rubber Products Imports Ltd,178,ET-285387-92,contact@nationalrubber492.com,+971-698-283-094
493,Golden Agro Foods Distribution LLC,184,CF-396648-93,contact@goldenagro493.com,+82-546-745-545
494,Superior Metals Trading Pty Ltd,161,AY-776557-94,contact@superiormetals494.com,+55-901-692-459
495,Vertex Cosmetics Import Ltd,71,KN-519155-95,contact@vertexcosmetics495.com,+966-997-038-253
496,Alliance Spices Trading Inc,186,ZK-358286-96,contact@alliancespices496.com,+33-836-928-607
497,Pioneer Textiles Import Ltd,83,QE-552449-97,contact@pioneertextiles497.com,+84-256-544-687
498,Star Garments Trading Ltd,171,OA-675366-98,contact@stargarments498.com,+61-067-399-664
499,Falcon Petrochemicals Trading Ltda,24,ZZ-520249-99,contact@falconpetrochemica499.com,+86-857-365-743
500,Eastern Agro Foods International LLC,184,SI-654689-00,contact@easternagro500.com,+94-445-193-498
