Tariff_ID,Product_ID,Country_ID,Tariff_Percentage
1,408,49,13.31
2,190,161,0.58
3,787,179,0.31
4,350,176,18.56
5,230,32,27.53
6,617,45,17.67
7,332,172,17.44
8,313,42,4.79
9,346,16,6.11
10,254,114,35.16
11,225,46,36.79
12,241,166,20.96
13,465,136,1.0
14,510,181,15.12
15,395,121,20.05
16,503,38,15.3
17,142,33,17.14
18,319,184,34.1
19,22,35,4.16
20,529,22,15.4
21,346,182,8.66
22,446,94,20.48
23,476,181,14.35
24,336,155,24.93
25,399,41,13.87
26,704,110,20.78
27,585,86,16.5
28,46,162,11.97
29,445,58,37.07
30,360,9,2.04
31,247,132,17.99
32,789,182,11.3
33,569,14,29.7
34,145,9,14.13
35,205,194,26.5
36,766,5,17.45
37,484,35,25.61
38,47,188,20.6
39,705,35,29.69
40,797,124,12.01
41,630,159,11.29
42,713,73,21.15
43,577,113,7.59
44,762,1,1.71
45,334,43,7.98
46,400,155,30.37
47,487,136,29.75
48,591,177,32.95
49,395,64,27.42
50,669,10,12.01
51,375,81,39.61
52,410,93,14.77
53,402,177,25.47
54,559,86,23.97
55,163,80,7.76
56,189,178,12.07
57,333,105,38.87
58,753,175,30.9
59,430,53,0.69
60,342,33,0.68
61,98,189,27.48
62,416,174,12.16
63,330,116,38.24
64,490,165,9.65
65,787,42,27.03
66,168,188,13.39
67,741,135,1.9
68,315,44,2.98
69,232,87,22.68
70,635,178,16.37
71,309,54,34.12
72,396,108,37.36
73,318,136,9.95
74,139,19,15.8
75,679,17,33.06
76,151,81,2.08
77,513,82,16.69
78,764,188,27.02
79,796,110,4.84
80,123,107,12.35
81,714,192,9.62
82,302,97,32.37
83,307,73,34.82
84,107,46,14.85
85,515,118,24.59
86,616,81,39.5
87,88,96,27.65
88,544,182,24.83
89,413,6,15.35
90,445,30,37.22
91,25,114,31.08
92,307,171,11.77
93,550,67,39.77
94,24,180,34.28
95,195,83,0.5
96,349,77,39.66
97,496,140,21.87
98,300,4,13.69
99,450,95,23.26
100,650,194,21.36
101,725,170,26.49
102,278,9,3.33
103,653,120,1.73
104,575,35,5.12
105,533,79,16.88
106,374,43,29.19
107,234,175,10.05
108,333,57,19.93
109,651,167,9.14
110,504,65,33.51
111,362,66,2.88
112,218,22,6.59
113,700,89,23.97
114,493,96,16.16
115,521,20,38.62
116,584,63,6.39
117,240,115,19.44
118,582,175,26.16
119,476,56,37.73
120,59,30,0.65
121,677,174,17.12
122,138,169,39.06
123,250,175,10.0
124,277,52,33.04
125,659,43,29.79
126,170,172,32.99
127,376,191,18.81
128,638,167,13.25
129,196,110,19.17
130,524,82,24.42
131,696,157,15.45
132,750,59,0.27
133,541,106,6.65
134,777,104,12.8
135,502,179,8.63
136,767,70,16.88
137,746,182,10.3
138,318,12,12.98
139,131,159,17.42
140,452,179,24.88
141,411,101,30.42
142,165,153,24.74
143,567,14,36.61
144,532,62,32.92
145,35,77,15.27
146,672,50,26.16
147,40,73,14.46
148,29,58,33.29
149,455,5,30.8
150,247,164,28.26
151,190,129,13.63
152,192,62,4.49
153,10,138,23.99
154,350,33,35.0
155,29,107,5.68
156,406,132,37.89
157,679,171,30.6
158,432,145,31.63
159,619,1,14.04
160,312,137,7.06
161,28,120,21.54
162,170,3,34.05
163,761,21,19.47
164,279,186,18.21
165,475,27,32.19
166,225,180,22.21
167,97,29,11.38
168,572,42,13.14
169,485,173,35.26
170,562,92,37.19
171,761,192,3.63
172,83,174,16.45
173,411,187,5.98
174,113,161,39.35
175,289,120,27.96
176,731,18,21.16
177,477,93,39.15
178,758,164,22.11
179,46,136,38.27
180,547,17,18.16
181,123,129,12.87
182,590,84,19.82
183,2,56,31.65
184,11,132,14.58
185,114,39,25.67
186,162,57,23.24
187,258,50,14.7
188,466,116,12.05
189,619,22,31.86
190,773,142,17.67
191,447,121,30.23
192,280,39,18.31
193,105,123,13.34
194,614,193,33.6
195,350,157,17.83
196,744,147,26.91
197,20,76,8.78
198,476,119,19.9
199,365,106,20.46
200,569,73,15.81
201,563,66,35.45
202,774,152,0.55
203,121,165,2.73
204,379,118,16.75
205,568,172,12.94
206,554,108,17.84
207,337,117,22.26
208,269,66,28.67
209,570,109,23.08
210,730,97,0.69
211,427,113,26.05
212,75,195,19.93
213,454,157,32.5
214,73,39,35.92
215,683,93,25.83
216,356,13,21.87
217,535,60,13.94
218,50,51,37.13
219,784,94,24.01
220,8,46,20.34
221,619,129,9.7
222,295,3,10.23
223,527,85,9.47
224,24,63,24.64
225,46,135,33.65
226,163,159,11.12
227,582,69,14.04
228,596,167,27.55
229,377,172,15.82
230,131,181,11.18
231,40,111,15.92
232,677,32,35.16
233,712,73,20.09
234,661,192,22.65
235,248,18,0.01
236,732,62,26.77
237,428,152,6.43
238,290,95,7.06
239,498,34,17.8
240,393,121,25.42
241,410,97,28.32
242,352,90,0.32
243,63,179,34.19
244,626,140,35.08
245,720,16,24.26
246,755,166,23.2
247,116,44,3.24
248,450,193,25.74
249,519,99,14.59
250,660,172,17.34
251,755,35,16.04
252,255,144,13.69
253,111,171,16.49
254,770,65,39.62
255,380,45,32.03
256,337,195,36.96
257,445,104,28.81
258,745,160,5.87
259,37,190,9.48
260,305,128,23.15
261,241,34,27.73
262,316,111,17.12
263,151,94,19.13
264,621,33,15.02
265,266,45,37.06
266,42,30,28.37
267,154,133,29.82
268,364,182,37.45
269,33,88,8.65
270,771,118,26.57
271,712,130,15.69
272,22,98,30.22
273,483,4,1.66
274,663,177,12.26
275,795,121,27.69
276,753,11,24.53
277,688,73,3.54
278,774,110,26.03
279,327,2,15.28
280,798,95,36.66
281,725,119,25.78
282,794,118,13.71
283,563,52,6.53
284,638,164,19.38
285,372,88,6.96
286,108,148,21.72
287,429,101,35.05
288,465,75,32.24
289,59,77,22.19
290,24,75,11.9
291,102,7,2.69
292,624,26,9.04
293,702,189,18.88
294,637,82,23.9
295,254,9,37.45
296,365,176,19.43
297,404,115,1.15
298,684,187,4.28
299,169,25,34.73
300,792,182,31.04
301,250,106,8.6
302,335,184,37.72
303,401,116,28.35
304,116,159,16.77
305,108,111,22.21
306,295,85,12.16
307,441,84,6.01
308,175,45,6.19
309,141,71,20.48
310,687,3,4.9
311,684,148,38.06
312,122,138,21.47
313,592,23,38.56
314,181,168,13.2
315,475,154,28.05
316,709,162,19.83
317,549,14,9.61
318,2,78,18.62
319,106,142,28.98
320,302,137,3.78
321,520,118,37.3
322,343,52,36.69
323,255,116,8.85
324,8,19,17.01
325,526,36,38.19
326,106,171,14.93
327,180,186,19.07
328,660,177,16.7
329,703,147,30.91
330,449,176,12.01
331,602,173,21.13
332,688,174,32.56
333,683,56,36.94
334,653,84,2.61
335,178,100,0.18
336,329,185,38.64
337,646,13,18.92
338,136,53,38.21
339,636,14,33.39
340,499,48,15.61
341,29,87,25.17
342,389,186,32.36
343,328,190,5.37
344,669,145,2.67
345,398,190,27.57
346,700,36,17.67
347,655,112,18.19
348,356,1,34.36
349,351,38,30.54
350,702,183,9.68
351,334,23,35.57
352,235,152,0.25
353,715,184,18.72
354,585,66,7.08
355,656,13,28.15
356,563,108,6.46
357,449,185,27.44
358,132,112,6.74
359,708,99,26.75
360,495,91,19.01
361,358,17,39.99
362,441,35,31.51
363,52,111,13.63
364,222,51,15.58
365,79,6,17.08
366,453,85,37.64
367,316,125,27.14
368,697,160,39.6
369,108,11,38.19
370,482,46,13.95
371,710,61,15.76
372,552,78,11.51
373,719,36,22.53
374,312,149,5.62
375,471,105,11.75
376,95,23,3.27
377,307,154,19.27
378,471,43,10.47
379,716,98,28.39
380,189,24,2.13
381,742,183,6.75
382,707,49,34.65
383,659,177,7.47
384,105,145,4.3
385,9,125,1.55
386,697,70,15.16
387,686,47,15.02
388,235,174,16.64
389,537,24,35.76
390,734,165,26.52
391,729,18,19.47
392,330,165,32.2
393,393,183,19.13
394,216,107,10.06
395,201,65,6.85
396,637,85,5.95
397,401,32,27.95
398,577,190,30.4
399,291,195,16.64
400,710,159,3.12
401,771,127,9.37
402,54,142,33.03
403,601,72,19.11
404,336,57,31.63
405,794,115,28.75
406,131,104,18.29
407,300,52,29.89
408,778,76,39.37
409,352,167,17.38
410,426,37,39.72
411,167,65,15.8
412,251,125,23.81
413,762,147,5.85
414,171,32,18.15
415,25,4,11.89
416,405,168,28.99
417,271,165,9.22
418,192,173,7.8
419,23,11,18.84
420,297,117,34.56
421,148,21,29.56
422,417,85,6.85
423,377,184,37.34
424,368,28,36.23
425,592,66,26.17
426,263,63,25.9
427,40,155,36.56
428,35,146,30.92
429,457,115,16.77
430,427,161,38.07
431,134,99,25.52
432,533,166,21.05
433,399,53,27.37
434,94,167,29.57
435,154,68,17.73
436,683,92,23.93
437,766,177,22.74
438,591,49,37.76
439,778,2,27.75
440,342,76,12.1
441,175,163,30.35
442,13,90,19.42
443,679,195,37.38
444,142,108,8.74
445,672,29,32.22
446,732,188,5.07
447,110,121,11.01
448,401,20,2.46
449,544,81,1.0
450,510,87,4.94
451,743,56,11.7
452,188,97,26.1
453,663,8,39.12
454,795,150,20.82
455,652,143,2.12
456,397,119,23.33
457,176,175,24.9
458,366,38,28.21
459,552,104,15.43
460,755,62,11.73
461,528,110,38.41
462,729,100,25.72
463,430,24,11.18
464,407,140,37.6
465,580,186,8.07
466,243,143,33.31
467,431,91,20.83
468,358,188,2.97
469,375,182,20.44
470,389,40,7.29
471,508,67,13.72
472,190,35,25.3
473,186,96,32.3
474,404,36,21.74
475,793,129,1.3
476,697,3,15.02
477,131,153,31.32
478,467,120,23.72
479,678,173,13.95
480,575,172,3.67
481,574,182,19.03
482,269,61,34.12
483,636,38,39.31
484,497,170,17.09
485,51,172,23.83
486,516,45,12.83
487,552,189,35.04
488,530,109,0.49
489,515,135,25.73
490,767,128,12.32
491,8,94,13.04
492,274,23,19.7
493,792,112,20.68
494,309,45,9.08
495,597,189,37.78
496,506,78,32.23
497,554,95,9.39
498,580,191,39.39
499,765,143,3.26
500,231,108,1.05
